OP_name,resname,atom1,atom2,OP_mean,OP_stddev,OP_stem  
sn2_C2a,POPC,C32,H2X,-0.26732, 0.15626, 0.01105 
sn2_C2b,POPC,C32,H2Y,-0.22203, 0.17912, 0.01267 
sn2_C3a,POPC,C33,H3X,-0.21201, 0.14871, 0.01052 
sn2_C3b,POPC,C33,H3Y,-0.18755, 0.16650, 0.01177 
sn2_C4a,POPC,C34,H4X,-0.24615, 0.12592, 0.00890 
sn2_C4b,POPC,C34,H4Y,-0.23009, 0.14499, 0.01025 
sn2_C5a,POPC,C35,H5X,-0.24513, 0.12340, 0.00873 
sn2_C5b,POPC,C35,H5Y,-0.23296, 0.14822, 0.01048 
sn2_C6a,POPC,C36,H6X,-0.25825, 0.12279, 0.00868 
sn2_C6b,POPC,C36,H6Y,-0.24712, 0.13959, 0.00987 
sn2_C7a,POPC,C37,H7X,-0.24478, 0.12912, 0.00913 
sn2_C7b,POPC,C37,H7Y,-0.24330, 0.13561, 0.00959 
sn2_C8a,POPC,C38,H8X,-0.24516, 0.13055, 0.00923 
sn2_C8b,POPC,C38,H8Y,-0.24262, 0.13646, 0.00965 
sn2_C9a,POPC,C39,H9X,-0.22882, 0.13679, 0.00967 
sn2_C9b,POPC,C39,H9Y,-0.22499, 0.13410, 0.00948 
sn2_C10a,POPC,C310,H10X,-0.22385, 0.13818, 0.00977 
sn2_C10b,POPC,C310,H10Y,-0.21920, 0.13371, 0.00945 
sn2_C11a,POPC,C311,H11X,-0.20883, 0.13070, 0.00924 
sn2_C11b,POPC,C311,H11Y,-0.19945, 0.12440, 0.00880 
sn2_C12a,POPC,C312,H12X,-0.19103, 0.12268, 0.00867 
sn2_C12b,POPC,C312,H12Y,-0.19024, 0.11987, 0.00848 
sn2_C13a,POPC,C313,H13X,-0.16497, 0.11622, 0.00822 
sn2_C13b,POPC,C313,H13Y,-0.16455, 0.11245, 0.00795 
sn2_C14a,POPC,C314,H14X,-0.14304, 0.10481, 0.00741 
sn2_C14b,POPC,C314,H14Y,-0.14589, 0.10480, 0.00741 
sn2_C15a,POPC,C315,H15X,-0.09995, 0.08944, 0.00632 
sn2_C15b,POPC,C315,H15Y,-0.10896, 0.09012, 0.00637 
sn2_C16a,POPC,C316,H16X,-0.03746, 0.07257, 0.00513 
sn2_C16b,POPC,C316,H16Y,-0.03326, 0.07273, 0.00514 
sn2_C16c,POPC,C316,H16Z,-0.03157, 0.07043, 0.00498 
sn1_C2a,POPC,C22,H2R,-0.10181, 0.23007, 0.01627 
sn1_C2b,POPC,C22,H2S,-0.13071, 0.18517, 0.01309 
sn1_C3a,POPC,C23,H3R,-0.22425, 0.15104, 0.01068 
sn1_C3b,POPC,C23,H3S,-0.23253, 0.13889, 0.00982 
sn1_C4a,POPC,C24,H4R,-0.21294, 0.16580, 0.01172 
sn1_C4b,POPC,C24,H4S,-0.22846, 0.13744, 0.00972 
sn1_C5a,POPC,C25,H5R,-0.23196, 0.15584, 0.01102 
sn1_C5b,POPC,C25,H5S,-0.23415, 0.15202, 0.01075 
sn1_C6a,POPC,C26,H6R,-0.21292, 0.16198, 0.01145 
sn1_C6b,POPC,C26,H6S,-0.22220, 0.13372, 0.00946 
sn1_C7a,POPC,C27,H7R,-0.20985, 0.15500, 0.01096 
sn1_C7b,POPC,C27,H7S,-0.20936, 0.13941, 0.00986 
sn1_C8a,POPC,C28,H8R,-0.12773, 0.18677, 0.01321 
sn1_C8b,POPC,C28,H8S,-0.12521, 0.17196, 0.01216 
sn1_C9a,POPC,C29,H91,-0.07022, 0.20380, 0.01441 
sn1_C10a,POPC,C210,H101,-0.06081, 0.19057, 0.01348 
sn1_C11a,POPC,C211,H11R,-0.10124, 0.16531, 0.01169 
sn1_C11b,POPC,C211,H11S,-0.09696, 0.15360, 0.01086 
sn1_C12a,POPC,C212,H12R,-0.15782, 0.14834, 0.01049 
sn1_C12b,POPC,C212,H12S,-0.15993, 0.14456, 0.01022 
sn1_C13a,POPC,C213,H13R,-0.16868, 0.13634, 0.00964 
sn1_C13b,POPC,C213,H13S,-0.17825, 0.13221, 0.00935 
sn1_C14a,POPC,C214,H14R,-0.17566, 0.12726, 0.00900 
sn1_C14b,POPC,C214,H14S,-0.17577, 0.12894, 0.00912 
sn1_C15a,POPC,C215,H15R,-0.16357, 0.11939, 0.00844 
sn1_C15b,POPC,C215,H15S,-0.16540, 0.11814, 0.00835 
sn1_C16a,POPC,C216,H16R,-0.14454, 0.11562, 0.00818 
sn1_C16b,POPC,C216,H16S,-0.14933, 0.10141, 0.00717 
sn1_C17a,POPC,C217,H17R,-0.11523, 0.09976, 0.00705 
sn1_C17b,POPC,C217,H17S,-0.11588, 0.09574, 0.00677 
sn1_C18a,POPC,C218,H18R,-0.04357, 0.07751, 0.00548 
sn1_C18b,POPC,C218,H18S,-0.04508, 0.07239, 0.00512 
sn1_C18c,POPC,C218,H18T,-0.03066, 0.07070, 0.00500 
