resid,leaflet,X coords,Y coords,Z coords,Area per lipid
104,lower leaflet,16.170,13.980,3.780,0.521
124,lower leaflet,13.270,7.690,2.800,0.275
311,lower leaflet,3.000,13.100,2.800,0.605
381,lower leaflet,8.930,19.780,3.170,0.273
658,lower leaflet,15.210,21.350,3.590,0.449
826,lower leaflet,20.500,24.320,3.900,0.274
962,lower leaflet,6.490,24.230,3.460,0.420
1001,lower leaflet,11.440,13.320,2.640,0.638
1002,lower leaflet,13.330,11.910,2.980,0.704
1003,lower leaflet,9.100,12.190,2.480,0.755
1004,lower leaflet,11.030,13.220,2.240,0.646
1005,lower leaflet,14.160,11.530,2.490,0.591
1006,lower leaflet,9.000,11.450,2.360,0.606
1007,lower leaflet,10.820,8.280,2.260,0.773
1008,lower leaflet,14.510,12.370,2.450,0.667
1009,lower leaflet,13.230,12.870,2.270,0.741
1010,lower leaflet,13.600,9.290,2.340,0.691
1011,lower leaflet,8.400,11.790,2.430,0.732
1012,lower leaflet,13.300,11.280,2.340,0.595
1013,lower leaflet,15.130,12.830,2.700,0.811
1014,lower leaflet,12.650,9.690,2.420,0.649
1015,lower leaflet,11.970,11.170,2.650,0.697
1016,lower leaflet,8.720,10.820,2.540,0.609
1017,lower leaflet,13.920,10.610,2.280,0.655
1018,lower leaflet,14.850,8.220,2.630,0.727
1019,lower leaflet,14.370,15.080,2.960,0.664
1020,lower leaflet,8.140,18.770,2.550,0.835
1021,lower leaflet,12.750,15.850,2.520,0.831
1022,lower leaflet,11.670,12.370,2.270,0.776
1023,lower leaflet,10.690,12.130,2.470,0.685
1024,lower leaflet,10.370,12.620,2.210,0.663
1026,lower leaflet,14.630,11.470,2.200,0.452
1027,lower leaflet,14.510,9.620,3.030,0.359
1028,lower leaflet,14.510,9.350,2.480,0.531
1029,lower leaflet,17.500,12.990,2.490,0.796
1030,lower leaflet,7.560,10.440,2.170,0.594
1031,lower leaflet,15.460,5.720,2.320,0.569
1032,lower leaflet,14.200,12.830,2.620,0.741
1033,lower leaflet,12.400,12.630,2.590,0.684
1034,lower leaflet,8.750,13.180,2.390,0.562
1035,lower leaflet,13.630,7.730,2.330,0.381
1036,lower leaflet,14.090,7.410,2.230,0.702
1037,lower leaflet,11.430,10.030,2.470,0.755
1038,lower leaflet,10.170,14.250,2.100,0.631
1039,lower leaflet,10.110,15.830,2.320,0.819
1040,lower leaflet,8.610,14.580,2.500,0.673
1041,lower leaflet,9.850,11.780,2.530,0.818
1042,lower leaflet,12.210,14.410,2.440,0.897
1043,lower leaflet,11.210,10.750,2.350,0.688
1045,lower leaflet,16.560,14.410,2.790,0.550
1046,lower leaflet,13.710,13.530,2.530,0.677
1047,lower leaflet,13.690,16.610,2.850,0.811
1049,lower leaflet,8.980,9.990,2.490,0.526
1050,lower leaflet,14.830,14.040,2.280,0.714
1051,lower leaflet,15.110,10.780,2.310,0.734
1052,lower leaflet,13.430,7.100,2.360,0.636
1053,lower leaflet,12.940,5.900,2.930,0.495
1054,lower leaflet,15.820,8.130,2.150,0.811
1055,lower leaflet,10.640,16.610,2.260,0.611
1056,lower leaflet,11.400,14.230,2.460,0.677
1057,lower leaflet,12.820,11.570,2.410,0.713
1058,lower leaflet,13.160,8.050,2.420,0.636
1059,lower leaflet,13.290,14.120,2.940,0.698
1060,lower leaflet,15.430,8.980,2.260,0.607
1061,lower leaflet,9.440,15.180,2.530,0.624
1062,lower leaflet,9.430,20.630,2.780,0.539
1063,lower leaflet,7.630,14.870,2.580,0.669
1064,lower leaflet,7.080,7.470,2.320,0.779
1066,lower leaflet,9.250,13.460,2.720,0.463
1067,lower leaflet,15.240,14.940,2.610,0.672
1068,lower leaflet,6.540,18.110,2.690,0.661
1069,lower leaflet,11.640,8.420,2.520,0.446
1070,lower leaflet,9.740,17.130,2.720,0.872
1071,lower leaflet,14.990,10.060,2.420,0.521
1072,lower leaflet,14.130,8.520,2.350,0.769
1073,lower leaflet,17.210,13.910,2.650,0.634
1074,lower leaflet,7.990,17.780,2.830,0.769
1075,lower leaflet,15.200,9.530,2.310,0.531
1076,lower leaflet,17.950,16.350,3.210,0.601
1078,lower leaflet,12.400,9.200,2.370,0.672
1079,lower leaflet,14.990,11.780,2.500,0.627
1080,lower leaflet,17.110,9.490,1.980,0.641
1081,lower leaflet,13.680,5.510,2.600,0.602
1082,lower leaflet,9.260,8.220,2.030,0.941
1083,lower leaflet,17.020,8.580,2.160,0.624
1084,lower leaflet,12.630,16.610,2.900,0.654
1085,lower leaflet,10.870,5.940,2.710,0.611
1086,lower leaflet,10.230,10.930,2.580,0.700
1087,lower leaflet,11.860,13.250,2.410,0.728
1088,lower leaflet,9.790,13.130,1.800,0.802
1089,lower leaflet,15.970,12.500,2.570,0.861
1090,lower leaflet,10.640,14.050,2.040,0.641
1091,lower leaflet,13.250,13.590,2.840,0.654
1092,lower leaflet,7.120,20.730,2.470,0.586
1093,lower leaflet,11.250,11.740,2.400,0.692
1094,lower leaflet,15.610,14.230,2.600,0.617
1095,lower leaflet,9.500,10.530,2.820,0.608
1096,lower leaflet,10.810,15.200,2.430,0.833
1097,lower leaflet,17.220,14.580,2.540,0.553
1098,lower leaflet,10.150,10.070,2.360,0.677
1099,lower leaflet,19.310,14.050,2.650,0.896
1100,lower leaflet,4.350,12.910,2.210,0.798
1101,lower leaflet,9.350,9.030,2.020,0.595
1102,lower leaflet,17.460,9.820,2.170,0.668
1103,lower leaflet,16.360,10.600,1.960,0.662
1104,lower leaflet,9.940,17.920,2.520,0.665
1105,lower leaflet,8.160,6.320,2.880,0.767
1106,lower leaflet,6.470,15.980,2.550,0.706
1107,lower leaflet,16.080,9.560,2.060,0.756
1108,lower leaflet,13.270,9.960,2.320,0.669
1109,lower leaflet,6.730,11.720,1.980,0.862
1110,lower leaflet,15.670,9.950,1.980,0.571
1111,lower leaflet,13.600,18.210,3.280,0.643
1112,lower leaflet,15.980,14.950,2.600,0.581
1113,lower leaflet,11.490,9.260,2.060,0.557
1114,lower leaflet,15.890,15.900,2.540,0.611
1115,lower leaflet,16.560,13.070,2.380,0.633
1116,lower leaflet,15.280,7.570,2.550,0.656
1117,lower leaflet,12.250,5.460,2.560,0.717
1118,lower leaflet,18.210,11.020,2.190,0.905
1119,lower leaflet,9.600,7.360,2.120,0.736
1120,lower leaflet,8.560,18.310,2.670,0.839
1121,lower leaflet,6.860,16.680,2.340,0.775
1122,lower leaflet,8.540,15.550,2.560,0.819
1123,lower leaflet,8.910,9.480,2.420,0.508
1124,lower leaflet,13.430,6.310,2.350,0.630
1125,lower leaflet,11.060,17.030,2.640,0.598
1126,lower leaflet,16.250,16.730,3.050,0.411
1127,lower leaflet,11.340,16.100,2.390,0.667
1128,lower leaflet,12.070,15.550,2.540,0.984
1129,lower leaflet,18.060,14.170,2.280,0.581
1130,lower leaflet,14.170,14.260,2.590,0.500
1131,lower leaflet,11.660,10.510,2.560,0.661
1132,lower leaflet,9.430,18.570,2.450,0.785
1133,lower leaflet,4.460,11.580,1.870,0.798
1134,lower leaflet,16.920,7.410,1.940,0.686
1135,lower leaflet,9.410,14.210,2.470,0.516
1136,lower leaflet,9.970,14.850,2.510,0.740
1138,lower leaflet,9.690,9.730,2.520,0.622
1139,lower leaflet,16.610,18.660,3.190,0.505
1140,lower leaflet,16.510,13.780,2.710,0.565
1141,lower leaflet,16.800,10.350,2.030,0.664
1142,lower leaflet,3.700,16.280,2.370,0.727
1143,lower leaflet,10.140,5.130,3.240,0.290
1144,lower leaflet,14.270,10.240,2.340,0.620
1145,lower leaflet,16.860,12.240,2.460,0.632
1146,lower leaflet,15.610,6.750,2.330,0.638
1147,lower leaflet,8.970,15.100,3.000,0.430
1148,lower leaflet,15.660,5.110,2.480,0.528
1149,lower leaflet,7.050,12.650,2.080,0.739
1150,lower leaflet,11.280,20.810,2.940,0.865
1151,lower leaflet,7.390,13.840,2.200,0.735
1152,lower leaflet,20.180,9.560,2.260,0.834
1154,lower leaflet,2.730,12.440,2.200,0.582
1155,lower leaflet,15.490,16.340,3.140,0.637
1157,lower leaflet,17.390,10.570,2.370,0.746
1158,lower leaflet,11.060,4.910,3.000,0.583
1159,lower leaflet,16.040,6.070,2.420,0.322
1160,lower leaflet,7.640,15.540,2.680,0.706
1161,lower leaflet,11.790,9.080,2.540,0.617
1162,lower leaflet,9.570,16.520,2.760,0.402
1163,lower leaflet,8.710,16.440,2.210,0.901
1164,lower leaflet,18.360,8.990,2.240,0.633
1165,lower leaflet,12.250,22.970,3.170,0.601
1166,lower leaflet,8.310,20.760,3.100,0.522
1167,lower leaflet,13.160,19.570,3.000,0.679
1168,lower leaflet,17.280,12.120,2.620,0.702
1169,lower leaflet,11.760,6.410,2.570,0.702
1170,lower leaflet,16.870,16.280,2.630,0.690
1171,lower leaflet,7.430,12.880,2.470,0.668
1172,lower leaflet,12.440,21.310,3.030,0.619
1173,lower leaflet,18.120,12.650,2.510,0.680
1174,lower leaflet,14.970,17.350,3.140,0.657
1175,lower leaflet,5.770,12.970,1.990,0.513
1176,lower leaflet,2.960,12.090,1.830,0.870
1177,lower leaflet,10.950,18.890,2.680,0.704
1178,lower leaflet,18.840,10.420,2.370,1.037
1179,lower leaflet,17.320,8.120,2.150,0.612
1180,lower leaflet,15.760,11.340,2.400,0.786
1181,lower leaflet,4.800,13.090,2.340,0.482
1182,lower leaflet,19.130,11.370,2.500,0.781
1183,lower leaflet,13.190,18.320,2.950,0.662
1184,lower leaflet,8.270,13.650,2.360,0.702
1185,lower leaflet,15.230,15.560,2.690,0.646
1186,lower leaflet,20.280,10.640,2.400,0.885
1188,lower leaflet,12.650,6.950,2.630,0.662
1189,lower leaflet,17.670,14.750,2.600,0.562
1190,lower leaflet,2.840,14.490,2.260,0.654
1191,lower leaflet,12.100,7.080,2.840,0.677
1192,lower leaflet,18.290,9.760,2.290,0.683
1193,lower leaflet,9.070,5.950,2.860,0.705
1194,lower leaflet,16.360,7.100,2.350,0.742
1195,lower leaflet,8.970,8.990,2.610,0.579
1196,lower leaflet,7.800,16.570,2.730,0.848
1197,lower leaflet,14.910,4.890,2.530,0.599
1198,lower leaflet,8.090,12.380,2.230,0.869
1199,lower leaflet,18.850,8.870,2.150,0.722
1200,lower leaflet,11.690,18.610,2.270,0.714
1201,lower leaflet,16.540,17.200,2.870,0.757
1202,lower leaflet,3.080,15.620,2.360,0.788
1203,lower leaflet,15.070,20.540,2.750,0.561
1204,lower leaflet,5.410,15.090,2.500,0.621
1205,lower leaflet,6.630,18.730,2.790,0.607
1206,lower leaflet,11.190,5.540,2.570,0.575
1207,lower leaflet,18.460,13.710,2.540,0.631
1208,lower leaflet,16.690,11.270,2.270,0.766
1209,lower leaflet,17.540,8.560,2.060,0.605
1210,lower leaflet,12.430,19.100,2.690,0.710
1211,lower leaflet,12.860,17.010,2.760,0.685
1212,lower leaflet,7.530,17.000,2.440,0.466
1213,lower leaflet,11.630,7.820,2.490,0.609
1214,lower leaflet,18.090,15.540,2.720,0.571
1215,lower leaflet,7.330,17.510,2.450,0.711
1216,lower leaflet,19.480,14.520,2.760,0.637
1217,lower leaflet,10.360,17.590,2.760,0.609
1218,lower leaflet,16.470,16.300,2.930,0.581
1220,lower leaflet,5.640,13.270,2.350,0.493
1221,lower leaflet,11.570,17.700,2.480,0.651
1222,lower leaflet,10.840,8.790,2.000,0.770
1223,lower leaflet,19.330,16.900,3.370,0.592
1224,lower leaflet,12.400,18.390,2.780,0.710
1225,lower leaflet,20.310,7.190,2.190,0.682
1226,lower leaflet,4.330,13.820,2.290,0.752
1227,lower leaflet,18.730,8.180,2.500,0.615
1228,lower leaflet,17.240,5.460,2.390,0.787
1229,lower leaflet,13.830,17.790,3.040,0.639
1230,lower leaflet,13.740,2.640,2.710,0.768
1231,lower leaflet,3.920,11.550,1.870,0.812
1232,lower leaflet,5.550,19.660,2.480,0.635
1233,lower leaflet,21.700,10.700,2.930,0.618
1234,lower leaflet,19.760,11.180,2.450,0.749
1235,lower leaflet,4.290,17.020,2.310,0.730
1236,lower leaflet,12.700,7.740,2.510,0.616
1237,lower leaflet,11.470,19.960,2.770,0.687
1238,lower leaflet,18.830,6.350,2.350,0.770
1239,lower leaflet,13.180,20.110,2.980,0.653
1240,lower leaflet,12.200,8.340,2.530,0.619
1242,lower leaflet,2.460,10.560,2.580,0.633
1243,lower leaflet,13.830,20.570,3.390,0.646
1244,lower leaflet,17.780,17.310,3.250,0.616
1245,lower leaflet,12.730,4.060,3.180,0.566
1246,lower leaflet,13.030,5.520,2.110,0.578
1247,lower leaflet,21.170,10.840,2.680,0.580
1248,lower leaflet,15.140,7.900,2.880,0.354
1249,lower leaflet,11.430,2.020,2.750,0.705
1250,lower leaflet,8.200,9.650,2.610,0.557
1251,lower leaflet,8.590,19.700,2.760,0.658
1252,lower leaflet,9.450,10.430,3.350,0.260
1253,lower leaflet,6.530,12.710,1.990,0.588
1254,lower leaflet,5.880,15.720,2.390,0.655
1255,lower leaflet,6.250,20.060,2.610,0.766
1256,lower leaflet,7.390,18.360,2.490,0.652
1257,lower leaflet,10.470,20.220,2.370,0.911
1258,lower leaflet,13.840,15.440,2.510,0.749
1259,lower leaflet,2.140,15.600,2.250,0.861
1260,lower leaflet,18.350,4.730,2.440,0.848
1261,lower leaflet,13.070,14.890,2.550,0.722
1262,lower leaflet,17.520,15.580,3.010,0.568
1263,lower leaflet,17.600,3.160,2.790,0.812
1264,lower leaflet,11.680,3.720,2.730,0.704
1265,lower leaflet,19.280,15.620,3.020,0.554
1266,lower leaflet,10.730,18.290,2.380,0.728
1267,lower leaflet,18.580,12.750,2.400,0.845
1268,lower leaflet,18.020,19.290,3.400,0.616
1269,lower leaflet,5.750,18.820,2.800,0.626
1270,lower leaflet,18.290,17.540,3.610,0.563
1271,lower leaflet,17.080,19.240,3.770,0.431
1272,lower leaflet,13.850,14.540,2.730,0.647
1273,lower leaflet,1.210,17.920,2.210,1.197
1274,lower leaflet,4.620,14.860,2.300,0.589
1275,lower leaflet,9.510,19.670,2.630,0.866
1276,lower leaflet,19.300,5.510,2.020,0.817
1277,lower leaflet,6.170,10.050,2.040,0.835
1278,lower leaflet,2.470,13.740,2.430,0.591
1279,lower leaflet,4.880,8.320,2.870,0.537
1280,lower leaflet,18.050,7.120,2.300,0.733
1281,lower leaflet,17.770,8.330,2.860,0.362
1282,lower leaflet,7.810,5.080,3.250,0.333
1284,lower leaflet,10.860,17.530,2.500,0.604
1286,lower leaflet,16.290,4.530,2.470,0.500
1287,lower leaflet,18.490,14.580,2.620,0.592
1288,lower leaflet,3.340,10.500,2.590,0.654
1289,lower leaflet,3.890,14.580,2.120,0.720
1290,lower leaflet,16.870,5.750,2.570,0.563
1291,lower leaflet,11.870,16.750,2.620,0.801
1292,lower leaflet,22.840,10.160,3.330,0.491
1294,lower leaflet,8.240,10.120,2.430,0.478
1295,lower leaflet,11.000,7.290,2.190,0.774
1296,lower leaflet,18.180,11.870,2.550,0.744
1297,lower leaflet,14.800,6.390,2.010,0.945
1298,lower leaflet,16.300,4.700,3.310,0.321
1299,lower leaflet,19.770,3.300,3.060,0.607
1300,lower leaflet,12.240,2.340,2.820,0.645
1301,lower leaflet,21.250,11.770,2.580,0.634
1302,lower leaflet,15.980,18.860,3.060,0.517
1303,lower leaflet,6.070,14.480,2.680,0.558
1304,lower leaflet,9.040,19.980,2.690,0.610
1305,lower leaflet,18.000,6.280,2.460,0.777
1306,lower leaflet,6.870,14.290,2.830,0.592
1307,lower leaflet,10.370,7.140,2.210,0.777
1308,lower leaflet,6.170,7.720,2.370,0.736
1309,lower leaflet,7.100,15.150,3.090,0.590
1310,lower leaflet,22.530,10.300,2.850,0.472
1311,lower leaflet,12.610,10.610,2.340,0.682
1312,lower leaflet,13.070,17.510,2.720,0.663
1313,lower leaflet,12.240,19.890,2.970,0.687
1314,lower leaflet,8.050,20.250,2.490,0.647
1315,lower leaflet,13.010,22.280,3.230,0.608
1316,lower leaflet,5.590,14.290,2.420,0.586
1317,lower leaflet,8.080,24.540,3.410,0.313
1318,lower leaflet,8.950,14.040,2.590,0.510
1319,lower leaflet,5.830,17.540,2.320,0.713
1320,lower leaflet,16.820,15.350,2.560,0.566
1321,lower leaflet,9.680,2.920,2.660,0.744
1322,lower leaflet,7.110,18.910,3.130,0.424
1323,lower leaflet,14.530,18.110,3.230,0.643
1324,lower leaflet,17.370,18.030,3.070,0.702
1325,lower leaflet,14.580,16.510,2.820,0.693
1326,lower leaflet,18.400,3.220,2.850,0.949
1327,lower leaflet,4.540,16.320,2.290,0.641
1328,lower leaflet,9.720,16.450,3.260,0.436
1329,lower leaflet,16.650,20.940,3.020,0.604
1330,lower leaflet,20.770,12.120,2.740,0.768
1331,lower leaflet,18.920,7.260,2.450,0.679
1333,lower leaflet,20.440,11.520,2.220,0.702
1334,lower leaflet,18.570,7.720,2.710,0.357
1335,lower leaflet,5.750,13.730,2.130,0.594
1336,lower leaflet,0.126,12.980,2.730,0.770
1337,lower leaflet,7.560,9.060,2.180,0.704
1338,lower leaflet,4.470,17.870,2.010,0.725
1339,lower leaflet,4.220,18.760,2.150,0.739
1340,lower leaflet,3.190,16.510,2.330,0.740
1341,lower leaflet,19.570,7.800,2.630,0.776
1342,lower leaflet,5.740,7.020,2.340,0.845
1343,lower leaflet,19.650,6.090,2.190,0.768
1344,lower leaflet,4.900,9.560,2.430,0.689
1345,lower leaflet,16.350,2.960,2.760,0.558
1346,lower leaflet,7.280,21.590,3.110,0.425
1347,lower leaflet,14.340,17.080,3.250,0.572
1348,lower leaflet,9.460,4.200,2.880,0.586
1349,lower leaflet,22.320,11.830,2.760,0.488
1350,lower leaflet,10.410,5.040,2.730,0.511
1351,lower leaflet,11.740,24.860,2.960,0.497
1352,lower leaflet,0.360,15.480,2.700,0.760
1353,lower leaflet,16.810,19.660,3.320,0.477
1354,lower leaflet,15.710,17.260,2.990,0.639
1355,lower leaflet,4.700,10.060,2.340,0.638
1356,lower leaflet,3.290,14.020,2.150,0.589
1357,lower leaflet,10.830,20.980,2.900,0.670
1358,lower leaflet,22.790,7.060,2.680,0.816
1359,lower leaflet,2.680,17.200,1.970,0.790
1360,lower leaflet,5.950,20.510,2.700,0.480
1361,lower leaflet,14.290,5.630,2.430,0.613
1362,lower leaflet,16.160,6.030,2.900,0.382
1363,lower leaflet,19.640,12.450,2.740,0.887
1364,lower leaflet,7.620,8.130,2.340,0.717
1365,lower leaflet,0.520,16.360,2.930,0.682
1366,lower leaflet,1.700,14.260,2.620,0.580
1367,lower leaflet,0.016,12.030,3.270,0.545
1368,lower leaflet,12.460,4.500,2.480,0.697
1369,lower leaflet,16.730,3.740,2.690,0.740
1370,lower leaflet,11.980,22.520,3.220,0.613
1371,lower leaflet,4.720,19.900,2.440,0.694
1372,lower leaflet,14.810,4.050,2.810,0.925
1373,lower leaflet,2.120,16.940,2.140,1.018
1374,lower leaflet,12.250,21.800,2.960,0.613
1375,lower leaflet,14.580,20.730,3.200,0.642
1376,lower leaflet,20.020,4.640,2.740,0.726
1377,lower leaflet,18.900,15.390,3.570,0.333
1378,lower leaflet,5.550,5.990,2.710,0.702
1380,lower leaflet,10.480,22.420,2.720,0.703
1381,lower leaflet,18.820,17.430,3.300,0.696
1382,lower leaflet,19.910,12.850,2.640,0.730
1383,lower leaflet,5.240,15.800,2.140,0.647
1384,lower leaflet,0.250,15.870,3.230,0.632
1385,lower leaflet,3.880,20.130,2.500,0.594
1386,lower leaflet,18.040,23.570,3.410,0.340
1387,lower leaflet,20.790,15.610,3.260,0.596
1388,lower leaflet,9.580,5.270,2.600,0.516
1389,lower leaflet,23.370,12.620,2.940,0.688
1390,lower leaflet,7.230,22.080,2.920,0.533
1391,lower leaflet,20.700,17.720,4.000,0.358
1392,lower leaflet,20.300,17.840,3.340,0.518
1393,lower leaflet,9.260,21.740,2.760,0.659
1394,lower leaflet,14.830,2.460,2.120,0.732
1395,lower leaflet,8.430,7.790,2.100,0.761
1396,lower leaflet,6.480,10.850,1.860,0.836
1397,lower leaflet,1.920,15.130,2.350,0.541
1398,lower leaflet,21.230,4.640,3.370,0.272
1399,lower leaflet,24.540,3.820,2.590,0.659
1400,lower leaflet,4.950,12.690,2.000,0.769
1401,lower leaflet,11.130,19.520,2.750,0.705
1402,lower leaflet,7.280,10.820,2.150,0.720
1403,lower leaflet,24.540,11.820,3.380,0.487
1404,lower leaflet,21.830,11.450,2.670,0.563
1405,lower leaflet,22.210,9.110,2.820,0.572
1406,lower leaflet,2.960,22.510,2.590,0.985
1407,lower leaflet,3.380,18.580,1.870,0.808
1409,lower leaflet,6.390,13.720,2.390,0.696
1410,lower leaflet,20.540,3.280,3.280,0.625
1411,lower leaflet,15.550,1.490,4.350,0.662
1412,lower leaflet,4.930,10.940,2.080,0.798
1413,lower leaflet,9.860,21.120,2.830,0.716
1414,lower leaflet,18.770,3.960,2.920,0.732
1415,lower leaflet,13.120,2.090,2.600,0.752
1416,lower leaflet,15.470,19.570,3.090,0.800
1417,lower leaflet,11.040,1.250,2.600,0.731
1418,lower leaflet,15.680,4.560,2.620,0.508
1419,lower leaflet,17.500,2.700,2.520,0.675
1420,lower leaflet,6.500,22.630,3.350,0.444
1421,lower leaflet,23.670,11.710,3.020,0.680
1422,lower leaflet,23.920,15.360,3.130,0.511
1423,lower leaflet,8.900,7.140,2.230,0.797
1424,lower leaflet,9.530,24.250,2.870,0.643
1425,lower leaflet,8.080,10.550,2.170,0.602
1426,lower leaflet,12.310,1.630,2.480,0.850
1427,lower leaflet,22.510,9.100,3.230,0.348
1428,lower leaflet,15.860,20.490,3.050,0.618
1429,lower leaflet,16.530,6.600,2.170,0.747
1430,lower leaflet,1.180,14.320,2.810,0.733
1431,lower leaflet,3.050,17.690,1.900,1.023
1432,lower leaflet,20.310,23.090,3.250,0.601
1433,lower leaflet,3.880,17.860,2.290,0.668
1435,lower leaflet,8.170,24.160,3.120,0.577
1436,lower leaflet,7.540,9.530,2.360,0.528
1437,lower leaflet,3.980,23.430,2.890,0.633
1438,lower leaflet,9.460,4.800,2.860,0.524
1439,lower leaflet,21.640,9.990,2.590,0.523
1441,lower leaflet,4.450,15.280,2.920,0.439
1442,lower leaflet,6.330,14.850,3.000,0.586
1443,lower leaflet,3.710,20.580,2.840,0.505
1444,lower leaflet,15.640,3.640,2.840,0.656
1445,lower leaflet,12.830,20.460,3.170,0.650
1446,lower leaflet,22.530,8.030,2.760,1.013
1447,lower leaflet,5.370,11.460,1.810,0.786
1448,lower leaflet,15.380,18.090,3.400,0.579
1449,lower leaflet,18.660,15.690,3.060,0.556
1450,lower leaflet,22.830,13.410,3.040,0.649
1451,lower leaflet,21.100,6.740,2.360,0.733
1452,lower leaflet,21.900,13.290,2.830,0.831
1454,lower leaflet,20.360,13.120,2.700,0.745
1455,lower leaflet,19.430,15.120,2.940,0.663
1456,lower leaflet,14.460,3.250,2.470,0.598
1457,lower leaflet,18.050,20.310,3.180,0.749
1458,lower leaflet,1.760,20.050,2.290,0.605
1459,lower leaflet,3.340,23.370,2.640,0.582
1460,lower leaflet,23.280,2.650,3.830,0.642
1461,lower leaflet,22.410,12.850,3.120,0.669
1462,lower leaflet,1.420,9.120,3.180,0.749
1463,lower leaflet,8.620,0.160,2.900,0.706
1464,lower leaflet,21.390,5.620,2.530,0.814
1465,lower leaflet,5.670,12.040,1.940,0.806
1466,lower leaflet,20.300,5.300,2.250,0.725
1467,lower leaflet,16.420,18.080,3.100,0.694
1468,lower leaflet,13.810,0.490,2.560,0.604
1469,lower leaflet,0.026,17.240,2.930,0.636
1470,lower leaflet,7.540,1.480,2.600,0.766
1471,lower leaflet,18.640,21.480,3.510,0.515
1473,lower leaflet,24.710,13.310,3.370,0.375
1474,lower leaflet,6.470,6.200,2.520,0.753
1475,lower leaflet,4.990,8.600,2.460,0.457
1477,lower leaflet,8.270,21.470,3.070,0.483
1478,lower leaflet,21.190,13.810,2.830,0.869
1479,lower leaflet,16.710,21.520,3.750,0.335
1480,lower leaflet,1.950,13.440,2.510,0.621
1481,lower leaflet,12.820,2.590,3.370,0.390
1482,lower leaflet,18.270,8.030,2.350,0.610
1483,lower leaflet,24.810,11.120,3.300,0.699
1485,lower leaflet,21.940,9.970,3.020,0.484
1486,lower leaflet,12.990,5.070,2.330,0.625
1487,lower leaflet,11.550,2.870,2.870,0.698
1488,lower leaflet,5.560,20.450,2.360,0.487
1489,lower leaflet,8.250,3.190,2.680,0.784
1490,lower leaflet,17.760,5.450,2.230,0.560
1491,lower leaflet,19.620,3.790,2.870,0.654
1492,lower leaflet,17.570,21.040,3.150,0.653
1493,lower leaflet,12.950,2.910,2.840,0.625
1494,lower leaflet,11.490,22.480,3.090,0.647
1496,lower leaflet,9.370,1.300,2.510,0.773
1497,lower leaflet,18.940,0.970,3.030,0.555
1498,lower leaflet,22.810,11.990,2.960,0.571
1499,lower leaflet,4.570,20.470,2.510,0.499
1501,lower leaflet,0.680,11.190,3.850,0.454
1502,lower leaflet,3.240,20.330,2.530,0.582
1503,lower leaflet,8.120,21.910,2.740,0.553
1504,lower leaflet,20.080,8.260,2.390,0.701
1505,lower leaflet,16.710,22.630,3.040,0.769
1507,lower leaflet,16.410,4.990,2.520,0.525
1508,lower leaflet,10.740,21.590,2.960,0.694
1509,lower leaflet,23.780,16.750,3.190,0.584
1510,lower leaflet,17.830,24.040,3.160,0.761
1511,lower leaflet,7.810,5.540,2.770,0.651
1512,lower leaflet,10.650,2.130,2.770,0.732
1513,lower leaflet,1.380,16.450,2.580,0.912
1514,lower leaflet,9.970,6.390,2.280,0.722
1515,lower leaflet,19.140,21.830,5.070,0.605
1516,lower leaflet,6.980,19.270,2.430,0.823
1517,lower leaflet,15.000,23.540,3.050,0.905
1518,lower leaflet,1.590,22.890,3.130,0.340
1519,lower leaflet,5.820,16.700,2.210,0.739
1520,lower leaflet,1.700,12.550,2.610,0.831
1521,lower leaflet,20.360,9.070,2.280,0.847
1522,lower leaflet,7.610,7.650,2.110,0.745
1523,lower leaflet,21.750,12.370,2.850,0.680
1524,lower leaflet,18.960,19.000,3.060,0.757
1525,lower leaflet,7.470,4.830,3.000,0.636
1526,lower leaflet,18.350,16.660,3.300,0.618
1527,lower leaflet,17.560,19.010,3.200,0.620
1528,lower leaflet,13.490,3.610,2.670,0.680
1529,lower leaflet,18.820,1.990,3.090,0.582
1530,lower leaflet,24.510,13.800,2.730,0.615
1531,lower leaflet,15.570,18.530,3.200,0.557
1532,lower leaflet,23.490,15.040,3.150,0.505
1533,lower leaflet,23.120,4.320,2.730,0.794
1534,lower leaflet,17.090,21.790,3.460,0.487
1535,lower leaflet,9.500,3.700,2.660,0.671
1536,lower leaflet,22.490,10.450,3.550,0.277
1537,lower leaflet,20.640,8.230,2.370,0.679
1539,lower leaflet,0.360,10.140,3.760,0.424
1540,lower leaflet,17.750,1.910,2.850,0.654
1541,lower leaflet,15.800,23.100,2.920,0.679
1542,lower leaflet,4.290,9.060,2.250,0.640
1543,lower leaflet,2.340,20.590,2.270,0.823
1544,lower leaflet,0.740,9.600,3.110,0.604
1545,lower leaflet,10.180,23.820,2.560,0.739
1546,lower leaflet,21.300,4.080,2.380,0.773
1547,lower leaflet,4.130,7.560,2.380,0.725
1548,lower leaflet,20.970,2.690,2.830,0.463
1549,lower leaflet,3.330,7.590,2.330,0.556
1550,lower leaflet,4.570,21.050,2.550,0.792
1551,lower leaflet,17.650,20.030,3.420,0.561
1552,lower leaflet,9.440,6.480,2.310,0.579
1553,lower leaflet,7.230,3.070,2.920,0.527
1554,lower leaflet,14.740,5.270,2.980,0.488
1555,lower leaflet,2.780,14.820,2.670,0.606
1556,lower leaflet,1.370,15.160,2.240,0.805
1557,lower leaflet,7.600,21.250,2.770,0.594
1558,lower leaflet,17.530,22.970,3.240,0.787
1559,lower leaflet,6.700,4.360,2.780,0.608
1560,lower leaflet,23.310,10.900,3.350,0.551
1561,lower leaflet,12.420,24.340,2.800,0.653
1562,lower leaflet,3.000,11.090,2.560,0.719
1563,lower leaflet,10.440,3.970,2.760,0.612
1564,lower leaflet,14.470,22.010,3.210,0.660
1565,lower leaflet,10.840,4.060,2.530,0.620
1566,lower leaflet,16.900,2.220,2.880,0.690
1567,lower leaflet,5.130,17.220,2.370,0.714
1568,lower leaflet,10.660,3.050,2.680,0.718
1569,lower leaflet,5.540,8.420,2.340,0.677
1570,lower leaflet,16.070,2.570,2.490,0.639
1571,lower leaflet,10.960,23.270,2.940,0.649
1572,lower leaflet,21.100,10.030,2.430,0.752
1573,lower leaflet,12.330,3.200,2.950,0.663
1574,lower leaflet,16.180,22.020,2.720,0.759
1575,lower leaflet,19.930,1.230,2.930,0.650
1576,lower leaflet,19.720,19.940,3.060,0.848
1577,lower leaflet,20.440,6.140,2.210,0.768
1578,lower leaflet,5.330,18.240,2.460,0.626
1579,lower leaflet,1.970,22.710,2.560,0.576
1580,lower leaflet,5.850,18.430,2.400,0.394
1581,lower leaflet,7.870,1.890,2.420,0.481
1582,lower leaflet,11.200,24.100,3.190,0.586
1583,lower leaflet,22.590,5.620,2.840,0.736
1584,lower leaflet,8.690,22.570,2.710,0.623
1585,lower leaflet,2.190,22.270,2.670,0.593
1586,lower leaflet,2.960,8.860,2.640,0.624
1587,lower leaflet,14.110,19.560,2.990,0.659
1588,lower leaflet,8.600,24.210,2.830,0.650
1589,lower leaflet,15.960,0.240,2.820,0.787
1590,lower leaflet,22.910,9.150,2.940,0.505
1591,lower leaflet,1.230,19.590,2.820,0.665
1592,lower leaflet,16.110,3.800,2.850,0.651
1593,lower leaflet,24.270,13.010,2.760,0.609
1594,lower leaflet,10.570,5.520,2.670,0.540
1595,lower leaflet,9.530,23.600,3.080,0.624
1596,lower leaflet,9.280,2.130,2.690,0.765
1597,lower leaflet,2.520,19.390,2.630,0.838
1598,lower leaflet,24.734,14.710,2.550,0.680
1599,lower leaflet,4.970,0.640,2.330,0.718
1600,lower leaflet,14.620,19.810,3.180,0.655
1601,lower leaflet,23.770,10.680,3.070,0.542
1602,lower leaflet,21.760,14.750,3.010,0.746
1603,lower leaflet,23.050,14.330,2.950,0.604
1604,lower leaflet,20.590,13.910,3.080,0.737
1605,lower leaflet,16.910,24.370,3.010,0.821
1606,lower leaflet,21.990,19.330,3.400,0.455
1607,lower leaflet,6.320,8.290,2.140,0.734
1608,lower leaflet,1.120,11.390,3.070,0.686
1609,lower leaflet,22.470,14.400,2.940,0.623
1610,lower leaflet,21.680,21.170,3.390,0.558
1611,lower leaflet,3.050,20.010,2.050,0.548
1612,lower leaflet,18.340,22.520,3.490,0.582
1613,lower leaflet,15.880,24.540,2.790,0.832
1614,lower leaflet,22.230,3.110,2.510,0.837
1615,lower leaflet,22.930,5.200,3.030,0.560
1616,lower leaflet,6.660,21.010,2.520,0.519
1617,lower leaflet,1.470,13.610,3.410,0.477
1618,lower leaflet,24.460,15.400,3.060,0.589
1619,lower leaflet,3.700,8.280,2.530,0.687
1620,lower leaflet,23.590,5.680,2.770,0.740
1621,lower leaflet,8.370,4.940,2.650,0.639
1622,lower leaflet,21.250,7.780,2.340,0.856
1623,lower leaflet,16.370,1.870,2.930,0.700
1624,lower leaflet,3.960,9.910,2.660,0.647
1625,lower leaflet,16.300,19.560,3.010,0.600
1626,lower leaflet,6.080,5.560,2.820,0.671
1627,lower leaflet,9.780,2.120,3.000,0.591
1628,lower leaflet,17.390,0.930,2.650,0.719
1629,lower leaflet,15.270,2.800,3.060,0.662
1630,lower leaflet,23.110,8.450,3.240,0.600
1631,lower leaflet,21.780,8.670,2.730,0.970
1632,lower leaflet,3.020,13.440,2.220,0.618
1633,lower leaflet,1.850,19.250,2.120,0.852
1634,lower leaflet,2.140,10.860,3.090,0.518
1635,lower leaflet,2.500,9.710,3.910,0.282
1636,lower leaflet,22.830,2.490,2.690,0.696
1637,lower leaflet,18.850,4.480,2.750,0.773
1638,lower leaflet,7.850,22.680,2.900,0.570
1639,lower leaflet,2.920,9.720,2.850,0.620
1640,lower leaflet,19.630,24.240,3.090,0.757
1641,lower leaflet,2.790,23.950,2.230,0.605
1642,lower leaflet,7.090,3.730,2.970,0.649
1643,lower leaflet,10.230,1.570,2.740,0.739
1644,lower leaflet,10.200,24.884,2.730,0.731
1645,lower leaflet,14.470,1.100,2.580,0.816
1646,lower leaflet,1.620,10.740,3.050,0.624
1647,lower leaflet,2.420,21.620,2.360,0.682
1648,lower leaflet,3.920,1.750,2.160,0.624
1649,lower leaflet,13.720,1.550,2.450,0.802
1650,lower leaflet,23.970,14.290,3.000,0.601
1651,lower leaflet,8.960,20.920,2.610,0.643
1652,lower leaflet,24.440,12.130,2.970,0.492
1653,lower leaflet,16.560,21.770,2.970,0.441
1654,lower leaflet,5.320,7.790,2.230,0.725
1655,lower leaflet,9.440,0.310,2.750,0.736
1656,lower leaflet,0.810,23.050,2.640,0.636
1657,lower leaflet,6.070,0.080,2.830,0.558
1658,lower leaflet,3.720,21.450,2.580,0.889
1659,lower leaflet,21.250,4.760,2.820,0.401
1660,lower leaflet,16.600,24.614,2.460,0.745
1661,lower leaflet,13.310,21.310,3.320,0.658
1662,lower leaflet,14.920,21.490,3.110,0.632
1663,lower leaflet,11.770,24.250,3.310,0.536
1664,lower leaflet,4.460,15.670,2.660,0.653
1665,lower leaflet,13.600,24.734,3.000,0.837
1667,lower leaflet,1.110,10.410,3.250,0.589
1668,lower leaflet,18.300,5.610,2.450,0.656
1669,lower leaflet,2.250,21.860,2.910,0.375
1670,lower leaflet,21.670,19.770,3.410,0.683
1671,lower leaflet,11.840,23.340,3.090,0.610
1672,lower leaflet,21.510,0.520,3.020,0.797
1673,lower leaflet,24.500,10.250,3.350,0.583
1675,lower leaflet,5.360,5.000,2.540,0.796
1676,lower leaflet,6.400,21.770,2.990,0.653
1677,lower leaflet,12.900,21.540,3.100,0.603
1678,lower leaflet,14.460,18.930,3.460,0.709
1679,lower leaflet,3.590,9.220,2.530,0.591
1680,lower leaflet,16.240,23.390,3.010,0.826
1681,lower leaflet,10.270,0.830,2.760,0.685
1682,lower leaflet,2.140,24.720,2.410,0.663
1683,lower leaflet,18.400,0.930,3.640,0.402
1684,lower leaflet,20.900,19.190,3.130,0.775
1685,lower leaflet,21.570,20.610,3.330,0.581
1686,lower leaflet,19.950,16.920,3.380,0.599
1687,lower leaflet,22.250,16.320,3.130,0.586
1689,lower leaflet,22.520,19.560,3.200,0.495
1690,lower leaflet,22.800,15.630,3.300,0.575
1691,lower leaflet,8.280,3.900,2.870,0.996
1692,lower leaflet,23.870,8.150,3.420,0.608
1693,lower leaflet,5.820,1.000,2.480,0.750
1694,lower leaflet,20.870,16.250,3.370,0.588
1695,lower leaflet,8.050,24.894,2.840,0.541
1696,lower leaflet,14.440,24.790,2.760,0.898
1697,lower leaflet,22.230,5.990,2.770,0.768
1698,lower leaflet,20.950,21.350,3.340,0.664
1699,lower leaflet,10.260,4.580,2.800,0.546
1700,lower leaflet,23.650,18.280,3.040,0.490
1701,lower leaflet,9.680,22.120,2.850,0.693
1702,lower leaflet,24.430,16.330,3.210,0.547
1703,lower leaflet,17.680,22.360,3.320,0.585
1704,lower leaflet,23.380,6.910,2.850,0.785
1705,lower leaflet,23.190,17.680,3.430,0.612
1706,lower leaflet,24.584,7.500,3.390,0.594
1707,lower leaflet,21.730,2.300,2.830,0.717
1708,lower leaflet,20.670,4.750,2.610,0.513
1709,lower leaflet,0.600,10.630,3.240,0.410
1710,lower leaflet,24.854,10.440,3.700,0.394
1711,lower leaflet,14.650,2.750,2.480,0.562
1712,lower leaflet,15.900,21.190,3.020,0.614
1713,lower leaflet,1.980,11.670,2.680,0.940
1714,lower leaflet,6.910,9.300,2.430,0.589
1715,lower leaflet,24.680,24.474,2.370,1.070
1716,lower leaflet,5.930,21.040,2.930,0.485
1717,lower leaflet,19.230,20.670,3.370,0.853
1718,lower leaflet,6.560,0.076,2.800,0.725
1719,lower leaflet,23.730,10.090,3.380,0.612
1720,lower leaflet,21.040,23.350,3.430,0.563
1721,lower leaflet,12.240,24.794,2.760,0.528
1722,lower leaflet,18.500,23.850,3.120,0.609
1723,lower leaflet,2.110,9.830,3.110,0.541
1725,lower leaflet,3.110,6.780,2.720,0.480
1726,lower leaflet,15.370,1.420,2.660,0.693
1727,lower leaflet,3.620,19.300,1.900,0.681
1728,lower leaflet,1.280,7.570,2.870,0.655
1729,lower leaflet,24.270,4.930,2.620,0.814
1730,lower leaflet,24.750,6.740,2.720,0.732
1731,lower leaflet,13.620,23.040,3.110,0.689
1732,lower leaflet,19.270,2.680,3.040,0.590
1733,lower leaflet,11.530,0.230,2.630,0.583
1734,lower leaflet,7.720,6.490,2.630,0.820
1735,lower leaflet,8.040,23.200,2.950,0.581
1736,lower leaflet,11.350,0.010,3.420,0.354
1737,lower leaflet,24.080,21.520,2.910,0.602
1738,lower leaflet,24.090,0.740,2.720,0.765
1739,lower leaflet,1.380,22.350,2.890,0.626
1740,lower leaflet,23.940,19.680,2.670,0.837
1741,lower leaflet,13.430,4.450,2.570,0.913
1742,lower leaflet,13.300,0.620,2.580,0.838
1743,lower leaflet,7.690,2.640,2.920,0.601
1744,lower leaflet,12.310,0.640,2.460,0.700
1745,lower leaflet,11.040,24.454,2.800,0.593
1746,lower leaflet,14.310,22.880,3.110,0.621
1747,lower leaflet,8.870,23.030,3.030,0.607
1748,lower leaflet,5.040,18.930,2.580,0.668
1749,lower leaflet,1.650,6.990,2.480,0.743
1750,lower leaflet,24.660,16.710,2.920,0.565
1751,lower leaflet,6.280,23.850,2.890,0.675
1752,lower leaflet,22.730,11.050,2.990,0.620
1753,lower leaflet,16.930,20.150,3.330,0.593
1754,lower leaflet,0.850,12.180,2.630,0.774
1755,lower leaflet,7.020,22.870,3.260,0.653
1756,lower leaflet,1.080,13.640,2.910,0.734
1757,lower leaflet,4.690,21.870,2.470,0.931
1759,lower leaflet,13.680,22.040,3.150,0.632
1760,lower leaflet,12.850,23.320,3.070,0.633
1761,lower leaflet,13.220,23.810,2.950,0.730
1762,lower leaflet,18.520,0.470,3.210,0.588
1763,lower leaflet,6.850,2.810,2.640,0.598
1764,lower leaflet,6.390,1.640,2.050,0.852
1765,lower leaflet,3.620,0.040,2.530,0.418
1766,lower leaflet,0.450,20.020,2.720,0.833
1768,lower leaflet,23.880,7.890,3.000,0.601
1769,lower leaflet,20.100,16.250,3.140,0.579
1770,lower leaflet,18.330,0.000,3.220,0.660
1771,lower leaflet,18.540,21.110,3.220,0.539
1772,lower leaflet,20.970,2.190,2.620,0.614
1773,lower leaflet,20.740,14.700,3.040,0.901
1774,lower leaflet,23.730,14.610,4.010,0.361
1775,lower leaflet,23.490,13.540,2.930,0.621
1776,lower leaflet,14.190,23.900,3.110,0.867
1777,lower leaflet,19.650,16.030,3.140,0.570
1778,lower leaflet,20.600,7.450,2.500,0.655
1779,lower leaflet,1.540,21.030,2.130,0.709
1780,lower leaflet,7.710,24.040,2.890,0.614
1781,lower leaflet,4.200,10.490,2.330,0.754
1782,lower leaflet,19.860,19.160,3.170,0.853
1783,lower leaflet,7.200,0.000,2.870,0.701
1784,lower leaflet,2.510,4.850,1.990,0.993
1785,lower leaflet,23.870,17.660,3.530,0.547
1786,lower leaflet,1.570,2.530,2.510,0.607
1787,lower leaflet,14.920,22.690,2.970,0.773
1788,lower leaflet,18.140,1.300,2.920,0.424
1789,lower leaflet,1.640,0.550,2.430,0.582
1790,lower leaflet,21.350,15.490,3.190,0.606
1791,lower leaflet,5.590,3.540,2.600,0.698
1792,lower leaflet,8.310,2.390,2.730,0.654
1793,lower leaflet,3.570,6.710,2.340,0.663
1794,lower leaflet,24.704,5.710,2.650,0.392
1795,lower leaflet,24.820,9.500,3.480,0.761
1796,lower leaflet,20.530,20.380,2.950,0.770
1799,lower leaflet,0.500,18.060,2.600,0.696
1800,lower leaflet,6.880,23.810,2.810,0.640
1801,lower leaflet,0.720,3.110,2.450,0.530
1802,lower leaflet,5.670,22.000,2.760,0.716
1804,lower leaflet,21.910,6.710,2.640,0.839
1805,lower leaflet,8.270,1.000,2.520,0.987
1806,lower leaflet,16.600,24.630,3.410,0.343
1807,lower leaflet,2.260,9.130,2.840,0.641
1808,lower leaflet,1.150,18.800,2.710,0.757
1809,lower leaflet,5.950,9.310,2.150,0.808
1810,lower leaflet,15.050,0.700,2.580,0.829
1811,lower leaflet,18.940,23.070,3.190,0.854
1812,lower leaflet,2.400,23.630,2.350,0.574
1813,lower leaflet,20.020,21.340,3.270,0.732
1814,lower leaflet,1.050,6.660,2.740,0.763
1815,lower leaflet,6.600,9.570,2.060,0.523
1816,lower leaflet,4.320,22.810,2.480,0.939
1818,lower leaflet,22.840,1.590,2.810,0.657
1819,lower leaflet,23.400,0.320,3.090,0.575
1821,lower leaflet,4.530,6.600,2.300,0.591
1822,lower leaflet,22.780,24.474,3.180,0.692
1823,lower leaflet,1.260,23.130,2.490,0.460
1824,lower leaflet,20.120,2.650,2.820,0.374
1825,lower leaflet,24.924,8.310,3.390,0.570
1826,lower leaflet,23.500,16.190,3.070,0.543
1827,lower leaflet,23.910,8.740,3.460,0.580
1828,lower leaflet,5.960,23.440,3.010,0.697
1830,lower leaflet,2.110,7.950,2.610,0.676
1831,lower leaflet,2.580,23.340,2.750,0.472
1832,lower leaflet,17.980,21.750,3.710,0.563
1833,lower leaflet,1.420,24.654,2.690,0.544
1834,lower leaflet,6.290,3.010,2.710,0.613
1836,lower leaflet,4.290,24.480,2.210,0.666
1837,lower leaflet,18.400,19.470,3.150,0.700
1838,lower leaflet,22.600,16.440,2.830,0.491
1839,lower leaflet,23.020,22.280,2.920,0.607
1840,lower leaflet,22.110,5.090,2.850,0.783
1841,lower leaflet,24.020,13.800,2.780,0.410
1842,lower leaflet,5.010,24.300,2.640,0.708
1843,lower leaflet,20.620,17.380,3.510,0.621
1844,lower leaflet,23.580,18.800,3.140,0.598
1845,lower leaflet,19.900,0.740,3.140,0.501
1846,lower leaflet,7.480,2.290,3.260,0.490
1847,lower leaflet,22.030,18.820,3.520,0.426
1848,lower leaflet,24.400,18.350,2.790,0.589
1849,lower leaflet,18.480,1.750,3.350,0.590
1850,lower leaflet,0.096,21.500,2.360,0.586
1851,lower leaflet,6.110,22.620,2.940,0.680
1852,lower leaflet,23.380,5.220,2.740,0.661
1853,lower leaflet,22.470,20.700,3.010,0.650
1854,lower leaflet,21.820,24.100,3.470,0.755
1855,lower leaflet,20.530,3.870,3.040,0.644
1856,lower leaflet,21.560,0.026,3.180,0.448
1857,lower leaflet,24.600,19.040,3.220,0.633
1858,lower leaflet,9.830,22.860,3.060,0.708
1859,lower leaflet,2.120,1.420,2.130,0.665
1860,lower leaflet,1.610,23.920,2.540,0.642
1861,lower leaflet,1.370,8.080,3.060,0.700
1862,lower leaflet,8.790,5.440,2.770,0.549
1863,lower leaflet,3.570,0.830,2.160,0.662
1864,lower leaflet,20.160,22.130,3.390,0.652
1865,lower leaflet,2.790,8.340,2.610,0.648
1866,lower leaflet,21.050,18.220,3.460,0.646
1867,lower leaflet,4.160,6.250,2.190,0.748
1868,lower leaflet,21.370,2.980,2.820,0.507
1869,lower leaflet,17.460,1.080,3.450,0.429
1870,lower leaflet,0.200,22.770,2.540,0.641
1871,lower leaflet,0.040,6.060,3.050,0.700
1872,lower leaflet,18.370,23.290,3.070,0.568
1873,lower leaflet,3.460,24.490,2.030,0.621
1874,lower leaflet,22.830,21.640,3.090,0.574
1875,lower leaflet,3.140,1.490,1.770,0.636
1876,lower leaflet,6.930,5.420,2.640,0.665
1877,lower leaflet,1.310,5.730,2.190,0.823
1878,lower leaflet,5.060,2.050,2.410,0.621
1879,lower leaflet,20.280,24.660,3.530,0.672
1880,lower leaflet,22.170,24.750,3.100,0.712
1881,lower leaflet,1.490,6.520,2.590,0.509
1882,lower leaflet,0.600,21.250,2.520,0.742
1883,lower leaflet,0.230,4.990,2.680,0.663
1884,lower leaflet,5.460,21.250,2.390,0.496
1885,lower leaflet,24.560,8.170,3.040,0.526
1886,lower leaflet,16.480,0.840,2.290,0.764
1887,lower leaflet,0.120,2.660,2.630,0.552
1888,lower leaflet,6.530,4.790,3.070,0.625
1889,lower leaflet,22.080,21.870,3.190,0.569
1890,lower leaflet,4.150,23.960,3.080,0.549
1891,lower leaflet,23.770,22.110,2.640,0.572
1892,lower leaflet,18.360,18.130,3.100,0.746
1893,lower leaflet,0.240,7.520,2.930,0.729
1894,lower leaflet,24.010,17.210,3.170,0.540
1895,lower leaflet,4.150,0.090,2.440,0.674
1896,lower leaflet,2.260,4.120,2.090,0.799
1897,lower leaflet,19.440,21.850,3.600,0.657
1898,lower leaflet,21.480,16.900,3.150,0.832
1899,lower leaflet,4.830,1.200,2.160,0.750
1900,lower leaflet,5.240,4.210,2.290,0.626
1901,lower leaflet,21.800,16.130,3.210,0.584
1902,lower leaflet,1.270,20.660,2.490,0.618
1903,lower leaflet,19.690,2.250,3.080,0.536
1904,lower leaflet,23.760,21.510,3.330,0.427
1905,lower leaflet,24.610,17.630,2.820,0.570
1906,lower leaflet,22.740,16.970,3.020,0.692
1907,lower leaflet,24.280,6.100,2.620,0.677
1908,lower leaflet,21.720,23.260,3.360,0.560
1909,lower leaflet,20.240,0.390,3.160,0.672
1910,lower leaflet,19.350,1.710,3.190,0.487
1911,lower leaflet,4.930,2.930,2.470,0.666
1912,lower leaflet,4.560,2.200,2.430,0.603
1913,lower leaflet,2.820,0.380,2.350,0.779
1914,lower leaflet,22.410,19.160,4.070,0.288
1915,lower leaflet,5.800,24.650,2.600,0.722
1916,lower leaflet,0.370,22.240,2.890,0.532
1917,lower leaflet,1.240,4.330,2.330,0.672
1919,lower leaflet,3.380,3.310,2.190,0.608
1920,lower leaflet,3.360,2.690,2.150,0.568
1921,lower leaflet,0.750,8.830,3.440,0.784
1922,lower leaflet,2.760,7.400,2.500,0.634
1923,lower leaflet,20.300,22.600,3.420,0.620
1924,lower leaflet,5.940,2.520,2.640,0.707
1925,lower leaflet,4.450,4.280,2.110,1.287
1926,lower leaflet,23.070,20.310,2.850,0.793
1927,lower leaflet,19.290,0.136,3.060,0.733
1928,lower leaflet,20.900,1.730,3.030,0.925
1929,lower leaflet,21.540,18.740,3.540,0.430
1930,lower leaflet,5.750,1.470,2.210,0.529
1931,lower leaflet,24.734,5.220,2.420,0.622
1932,lower leaflet,22.390,15.360,3.100,0.634
1933,lower leaflet,21.980,17.860,3.230,0.715
1934,lower leaflet,0.026,4.250,2.600,0.599
1936,lower leaflet,0.030,19.380,3.330,0.427
1937,lower leaflet,20.460,23.920,3.380,0.561
1938,lower leaflet,21.080,20.540,3.380,0.617
1939,lower leaflet,3.170,5.940,2.600,0.722
1940,lower leaflet,4.750,5.670,2.540,0.778
1941,lower leaflet,1.760,0.100,2.840,0.341
1942,lower leaflet,24.914,1.700,2.620,0.604
1943,lower leaflet,4.840,23.400,2.730,0.713
1944,lower leaflet,24.060,2.380,2.680,0.658
1945,lower leaflet,0.256,19.120,2.820,0.701
1946,lower leaflet,19.720,17.710,3.300,0.669
1948,lower leaflet,20.970,23.850,3.220,0.448
1949,lower leaflet,20.970,24.674,3.130,0.680
1950,lower leaflet,20.390,2.800,3.500,0.287
1951,lower leaflet,0.250,24.350,2.320,0.956
1952,lower leaflet,1.810,4.640,2.260,0.655
1953,lower leaflet,2.450,6.450,2.600,0.793
1954,lower leaflet,24.850,1.190,2.620,0.661
1955,lower leaflet,0.960,0.600,2.390,0.696
1956,lower leaflet,2.720,1.440,2.080,0.620
1957,lower leaflet,3.790,5.490,2.430,0.904
1958,lower leaflet,21.570,22.730,3.480,0.484
1959,lower leaflet,22.820,18.630,3.190,0.676
1960,lower leaflet,20.720,18.700,3.160,0.652
1961,lower leaflet,23.500,24.610,3.020,0.885
1962,lower leaflet,3.970,3.240,2.260,0.614
1964,lower leaflet,24.240,23.150,2.250,1.000
1965,lower leaflet,24.514,20.310,2.510,0.855
1966,lower leaflet,23.240,21.330,2.810,0.578
1967,lower leaflet,23.510,23.200,2.870,0.831
1968,lower leaflet,22.860,3.660,2.970,0.810
1969,lower leaflet,22.320,1.150,2.680,0.812
1970,lower leaflet,4.760,3.390,2.300,0.609
1971,lower leaflet,24.894,21.970,2.640,0.636
1972,lower leaflet,0.820,0.100,2.810,0.535
1973,lower leaflet,1.540,3.060,2.100,0.612
1974,lower leaflet,2.840,2.530,2.440,0.556
1975,lower leaflet,23.040,23.780,2.980,0.694
1976,lower leaflet,0.100,3.230,2.600,0.548
1977,lower leaflet,22.470,23.050,2.930,0.684
1978,lower leaflet,23.150,19.490,3.060,0.600
1979,lower leaflet,2.020,5.450,2.280,0.887
1980,lower leaflet,24.310,22.410,2.830,0.572
1981,lower leaflet,23.770,9.130,3.170,0.579
1982,lower leaflet,0.400,0.370,2.600,0.694
1983,lower leaflet,23.730,1.120,2.790,0.672
1984,lower leaflet,6.250,4.130,2.510,0.707
1985,lower leaflet,2.830,3.360,2.190,0.851
1986,lower leaflet,22.180,22.480,3.030,0.558
1987,lower leaflet,0.690,3.650,2.710,0.532
1988,lower leaflet,0.990,1.860,2.770,0.630
1989,lower leaflet,2.350,2.340,2.430,0.624
1990,lower leaflet,5.100,6.510,2.440,0.629
1991,lower leaflet,21.380,22.150,3.270,0.685
1992,lower leaflet,22.810,0.560,2.590,0.709
1993,lower leaflet,1.340,3.800,2.200,0.555
1995,lower leaflet,24.230,3.410,2.590,0.882
1996,lower leaflet,24.530,2.290,2.870,0.566
1997,lower leaflet,3.920,2.290,2.410,0.595
1998,lower leaflet,1.590,2.050,2.640,0.531
1999,lower leaflet,0.620,2.170,2.730,0.536
2000,lower leaflet,23.400,1.810,2.720,0.655
1,upper leaflet,13.990,12.810,6.430,0.699
2,upper leaflet,14.090,9.800,6.230,0.644
3,upper leaflet,12.800,11.710,6.250,0.613
4,upper leaflet,12.400,13.960,6.350,0.555
5,upper leaflet,13.050,13.360,6.270,0.700
6,upper leaflet,12.010,16.270,6.330,0.665
7,upper leaflet,10.540,10.630,6.520,0.749
8,upper leaflet,12.390,9.180,6.270,0.690
9,upper leaflet,13.340,9.180,6.240,0.767
10,upper leaflet,11.710,13.470,6.320,0.759
11,upper leaflet,9.700,11.120,6.360,0.547
12,upper leaflet,9.200,11.090,6.160,0.597
13,upper leaflet,12.020,11.300,6.230,0.679
14,upper leaflet,13.870,12.090,6.310,0.638
15,upper leaflet,11.460,11.970,6.260,0.274
16,upper leaflet,12.810,10.800,6.440,0.793
17,upper leaflet,8.540,12.220,6.070,0.791
18,upper leaflet,11.280,14.280,6.750,0.546
19,upper leaflet,13.030,12.450,6.300,0.825
20,upper leaflet,9.150,12.820,6.390,0.787
21,upper leaflet,11.440,11.900,5.740,0.324
22,upper leaflet,13.750,7.410,6.540,0.546
23,upper leaflet,18.010,11.840,6.210,0.726
24,upper leaflet,11.260,7.040,6.740,0.678
25,upper leaflet,15.350,9.500,6.620,0.638
26,upper leaflet,11.080,11.310,6.430,0.580
27,upper leaflet,11.720,12.340,6.600,0.727
28,upper leaflet,15.270,15.710,6.780,0.610
29,upper leaflet,8.090,11.250,6.070,0.588
30,upper leaflet,13.880,8.830,6.190,0.565
31,upper leaflet,14.460,13.560,6.560,0.597
32,upper leaflet,9.320,13.560,6.490,0.717
33,upper leaflet,10.170,11.740,6.730,0.756
34,upper leaflet,13.670,13.360,6.420,0.525
35,upper leaflet,9.890,10.820,6.760,0.414
36,upper leaflet,14.710,7.610,6.440,0.547
37,upper leaflet,14.530,10.380,6.170,0.653
38,upper leaflet,11.100,12.650,6.310,0.721
40,upper leaflet,16.420,7.890,6.150,0.653
42,upper leaflet,6.780,13.120,6.260,0.702
43,upper leaflet,10.930,8.350,5.950,0.507
44,upper leaflet,15.310,10.660,6.340,0.651
45,upper leaflet,14.710,8.640,6.600,0.582
46,upper leaflet,15.910,13.310,6.710,0.858
47,upper leaflet,16.090,9.200,6.320,0.630
48,upper leaflet,15.620,11.730,6.090,0.649
49,upper leaflet,8.360,10.780,5.980,0.573
50,upper leaflet,5.480,12.810,6.040,0.564
51,upper leaflet,8.780,14.200,6.400,0.598
52,upper leaflet,9.260,8.480,6.300,0.603
53,upper leaflet,12.190,14.920,6.630,0.586
54,upper leaflet,12.610,16.170,6.490,0.706
55,upper leaflet,11.340,14.930,6.420,0.507
56,upper leaflet,5.590,11.690,5.830,0.573
57,upper leaflet,13.350,15.460,6.720,0.867
58,upper leaflet,11.480,18.850,6.600,0.462
59,upper leaflet,11.940,6.750,6.650,0.618
60,upper leaflet,12.900,7.640,6.950,1.098
61,upper leaflet,17.060,7.670,6.040,0.598
62,upper leaflet,7.400,13.500,6.640,0.717
63,upper leaflet,14.180,11.300,6.250,0.551
64,upper leaflet,13.520,7.900,6.460,0.603
65,upper leaflet,16.290,10.930,6.170,0.656
66,upper leaflet,13.080,16.370,6.960,0.789
67,upper leaflet,14.450,9.500,6.370,0.551
68,upper leaflet,7.980,8.360,6.400,0.609
69,upper leaflet,8.920,15.120,6.590,0.632
70,upper leaflet,8.530,10.350,6.170,0.608
71,upper leaflet,13.310,14.120,6.450,0.570
72,upper leaflet,14.620,11.050,6.400,0.469
74,upper leaflet,7.780,9.060,6.380,0.507
75,upper leaflet,9.570,10.160,6.410,0.723
76,upper leaflet,16.030,6.510,5.470,0.443
78,upper leaflet,10.200,7.910,6.430,0.541
79,upper leaflet,8.840,16.830,6.640,0.796
80,upper leaflet,10.830,13.720,6.330,0.712
81,upper leaflet,13.760,16.750,7.160,0.743
82,upper leaflet,11.910,10.620,6.330,0.669
83,upper leaflet,14.520,17.050,7.200,0.787
84,upper leaflet,12.510,6.740,6.450,0.621
85,upper leaflet,11.720,8.450,6.570,0.739
86,upper leaflet,13.330,5.480,6.210,0.555
87,upper leaflet,10.440,14.730,6.350,0.516
88,upper leaflet,8.400,13.340,6.470,0.714
89,upper leaflet,11.750,9.150,6.470,0.672
90,upper leaflet,15.960,12.290,6.170,0.865
91,upper leaflet,17.560,9.620,6.020,0.652
92,upper leaflet,11.350,17.070,6.210,0.657
93,upper leaflet,18.110,6.510,6.300,0.716
94,upper leaflet,10.920,8.640,6.460,0.646
95,upper leaflet,14.960,14.390,6.450,0.724
96,upper leaflet,6.330,11.180,6.240,0.560
97,upper leaflet,14.080,8.240,5.970,0.429
98,upper leaflet,15.070,6.950,6.120,0.420
99,upper leaflet,8.290,3.080,6.970,0.651
100,upper leaflet,16.010,16.200,6.630,0.389
101,upper leaflet,11.230,6.150,6.530,0.612
102,upper leaflet,12.270,15.430,6.720,0.557
103,upper leaflet,6.880,12.270,6.250,0.606
105,upper leaflet,7.710,12.680,6.490,0.716
106,upper leaflet,16.400,11.610,6.060,0.677
107,upper leaflet,16.060,17.420,7.490,0.920
108,upper leaflet,7.920,12.120,6.250,0.544
109,upper leaflet,12.310,10.040,6.390,0.652
110,upper leaflet,12.780,18.150,6.920,0.728
111,upper leaflet,9.130,15.520,5.960,0.305
112,upper leaflet,14.660,13.160,6.200,0.788
113,upper leaflet,15.670,7.460,5.990,0.571
114,upper leaflet,14.190,17.860,7.010,0.661
115,upper leaflet,10.710,17.120,6.040,0.253
116,upper leaflet,4.670,14.920,6.100,0.591
117,upper leaflet,15.960,6.330,5.980,0.603
118,upper leaflet,10.020,8.770,6.100,0.622
119,upper leaflet,3.750,12.910,6.340,0.500
120,upper leaflet,17.610,10.930,6.570,0.766
121,upper leaflet,18.280,14.210,6.730,0.714
122,upper leaflet,10.680,10.990,6.170,0.437
123,upper leaflet,7.440,7.460,6.450,0.708
125,upper leaflet,19.730,9.070,6.010,0.661
126,upper leaflet,17.100,16.400,7.250,0.793
127,upper leaflet,8.580,4.080,6.800,0.819
128,upper leaflet,10.840,15.910,6.350,0.627
129,upper leaflet,15.910,10.630,6.180,0.480
130,upper leaflet,14.650,11.910,6.500,0.662
131,upper leaflet,8.670,8.890,6.110,0.609
132,upper leaflet,13.270,11.570,6.450,0.633
133,upper leaflet,4.840,17.540,6.040,0.624
134,upper leaflet,2.950,12.730,6.600,0.533
135,upper leaflet,16.390,15.970,7.000,0.854
136,upper leaflet,14.310,6.470,6.210,0.552
137,upper leaflet,18.090,7.430,6.190,0.731
138,upper leaflet,7.160,10.830,6.460,0.550
139,upper leaflet,19.100,11.880,6.600,0.645
140,upper leaflet,13.420,17.590,7.020,0.782
141,upper leaflet,16.720,12.570,6.530,0.722
142,upper leaflet,5.610,14.860,6.160,0.566
143,upper leaflet,5.890,13.590,6.130,0.646
144,upper leaflet,9.720,14.260,6.310,0.654
145,upper leaflet,7.960,5.600,6.470,0.736
146,upper leaflet,9.070,18.320,6.550,0.746
147,upper leaflet,16.000,15.340,6.620,0.654
148,upper leaflet,10.990,16.730,6.260,0.499
149,upper leaflet,18.750,14.900,6.650,0.697
150,upper leaflet,18.140,12.520,6.680,0.675
151,upper leaflet,6.000,12.540,5.930,0.595
152,upper leaflet,10.460,11.960,6.320,0.582
153,upper leaflet,11.490,9.620,6.280,0.718
154,upper leaflet,10.180,5.650,6.580,0.721
155,upper leaflet,20.100,14.470,6.120,0.403
156,upper leaflet,13.720,10.760,6.280,0.765
157,upper leaflet,15.380,16.910,7.350,0.577
158,upper leaflet,16.840,9.890,6.560,0.661
159,upper leaflet,7.220,11.560,6.230,0.580
160,upper leaflet,12.470,19.440,6.930,0.606
161,upper leaflet,12.650,9.710,6.320,0.719
162,upper leaflet,6.510,16.810,6.370,0.625
163,upper leaflet,15.580,8.570,5.590,0.456
164,upper leaflet,16.660,9.420,6.140,0.655
165,upper leaflet,17.030,19.080,7.170,0.649
166,upper leaflet,16.020,8.710,6.300,0.564
167,upper leaflet,18.820,9.130,6.230,0.594
168,upper leaflet,10.550,12.840,6.540,0.898
169,upper leaflet,9.710,7.810,6.270,0.577
170,upper leaflet,9.330,6.170,6.480,0.677
171,upper leaflet,10.930,19.920,6.730,0.665
172,upper leaflet,17.840,8.740,6.280,0.855
173,upper leaflet,7.570,17.500,6.620,0.737
174,upper leaflet,14.970,14.960,6.400,0.743
175,upper leaflet,2.660,11.840,6.800,0.622
176,upper leaflet,10.650,9.430,6.530,0.805
177,upper leaflet,18.100,13.740,6.500,0.714
178,upper leaflet,4.640,13.930,6.070,0.532
179,upper leaflet,15.960,14.570,6.610,0.673
180,upper leaflet,6.340,15.230,6.380,0.929
181,upper leaflet,15.280,11.460,6.390,0.459
182,upper leaflet,9.820,15.030,6.610,0.620
183,upper leaflet,16.500,5.240,6.510,0.489
184,upper leaflet,16.790,14.130,6.900,0.732
185,upper leaflet,8.170,9.290,6.050,0.509
186,upper leaflet,17.790,5.750,6.350,0.610
188,upper leaflet,18.860,13.280,6.830,0.734
189,upper leaflet,9.910,16.720,6.310,0.743
190,upper leaflet,10.030,18.100,6.680,0.641
191,upper leaflet,2.300,15.150,6.500,0.880
192,upper leaflet,19.290,16.100,6.920,0.849
193,upper leaflet,10.200,14.110,6.310,0.539
195,upper leaflet,7.100,14.650,6.660,0.852
196,upper leaflet,7.360,1.990,6.240,0.612
197,upper leaflet,12.020,19.220,7.050,0.652
198,upper leaflet,10.050,5.040,6.880,0.653
199,upper leaflet,10.890,2.560,6.560,0.728
200,upper leaflet,14.710,17.590,7.090,0.597
202,upper leaflet,14.530,15.310,7.010,0.862
203,upper leaflet,9.460,4.450,6.660,0.722
204,upper leaflet,14.040,6.820,6.370,0.564
205,upper leaflet,10.200,7.150,6.070,0.576
207,upper leaflet,17.230,13.340,6.690,0.734
208,upper leaflet,15.460,16.190,6.810,0.587
209,upper leaflet,21.190,9.830,6.870,0.647
210,upper leaflet,19.900,6.540,6.300,0.594
211,upper leaflet,18.810,7.750,6.060,0.526
212,upper leaflet,3.710,16.540,6.120,0.574
213,upper leaflet,18.890,6.880,6.040,0.655
215,upper leaflet,13.170,5.230,6.670,0.403
216,upper leaflet,16.020,10.000,6.510,0.579
217,upper leaflet,18.600,10.750,5.780,0.559
218,upper leaflet,11.620,15.390,6.190,0.583
219,upper leaflet,4.610,12.980,6.140,0.506
221,upper leaflet,5.010,11.800,6.140,0.568
222,upper leaflet,16.440,5.610,6.190,0.653
223,upper leaflet,10.970,19.040,6.660,0.640
224,upper leaflet,12.740,13.770,5.810,0.401
225,upper leaflet,12.260,20.230,7.040,0.695
226,upper leaflet,7.780,3.220,6.500,0.778
227,upper leaflet,17.600,12.730,6.630,0.705
229,upper leaflet,12.820,14.610,6.780,0.600
230,upper leaflet,20.240,11.190,6.680,0.520
231,upper leaflet,4.590,14.330,5.580,0.405
232,upper leaflet,7.940,13.570,6.600,0.708
233,upper leaflet,8.280,14.280,6.430,0.665
235,upper leaflet,20.600,12.410,6.490,0.607
236,upper leaflet,17.040,5.080,6.690,0.648
237,upper leaflet,5.960,14.350,6.170,0.699
238,upper leaflet,19.450,17.740,7.370,0.562
239,upper leaflet,18.270,9.750,6.260,0.489
240,upper leaflet,9.200,15.620,6.550,0.671
241,upper leaflet,20.070,11.960,5.950,0.495
242,upper leaflet,6.420,11.700,6.050,0.512
243,upper leaflet,13.990,22.740,7.020,0.686
244,upper leaflet,11.260,20.570,6.980,0.682
245,upper leaflet,12.530,5.870,6.730,0.734
247,upper leaflet,11.600,3.820,7.050,0.857
248,upper leaflet,12.020,6.000,6.800,0.586
249,upper leaflet,11.840,20.030,6.810,0.587
250,upper leaflet,13.530,18.370,6.610,0.741
251,upper leaflet,8.720,19.130,6.750,0.717
252,upper leaflet,10.800,21.490,6.880,0.752
253,upper leaflet,15.730,16.610,7.140,0.584
255,upper leaflet,15.070,18.010,7.160,0.627
256,upper leaflet,11.440,5.340,6.530,0.774
257,upper leaflet,21.220,14.270,6.550,0.826
258,upper leaflet,14.160,5.840,6.440,0.551
259,upper leaflet,20.140,8.450,6.220,0.687
260,upper leaflet,10.380,4.160,6.550,0.719
261,upper leaflet,17.320,11.770,6.740,0.748
262,upper leaflet,9.900,18.710,6.640,0.701
263,upper leaflet,7.180,8.870,6.430,0.638
264,upper leaflet,19.940,11.660,6.310,0.385
265,upper leaflet,22.020,13.800,6.610,0.754
266,upper leaflet,14.590,8.100,6.310,0.546
267,upper leaflet,19.640,7.290,6.010,0.517
268,upper leaflet,10.820,18.190,6.370,0.533
269,upper leaflet,5.280,13.380,6.150,0.561
270,upper leaflet,3.980,17.070,6.230,0.630
271,upper leaflet,7.610,10.460,6.290,0.586
272,upper leaflet,4.970,10.000,6.140,0.634
273,upper leaflet,6.730,0.750,6.240,0.577
274,upper leaflet,16.640,7.000,6.120,0.708
275,upper leaflet,16.620,14.500,6.490,0.612
276,upper leaflet,23.110,13.890,6.740,0.680
277,upper leaflet,4.250,8.850,6.300,0.683
278,upper leaflet,19.380,13.880,6.240,0.482
279,upper leaflet,7.940,20.750,6.750,0.788
280,upper leaflet,17.770,5.220,6.470,0.648
281,upper leaflet,14.410,18.300,6.860,0.718
282,upper leaflet,12.320,16.930,6.680,0.705
283,upper leaflet,10.860,15.020,6.300,0.461
284,upper leaflet,11.990,18.510,6.790,0.652
286,upper leaflet,4.020,7.990,6.350,0.851
287,upper leaflet,19.040,14.210,6.410,0.478
288,upper leaflet,10.290,17.080,6.340,0.562
289,upper leaflet,20.320,13.140,6.870,0.655
290,upper leaflet,7.270,4.410,6.700,0.841
291,upper leaflet,10.330,15.870,6.360,0.729
292,upper leaflet,4.140,11.620,6.590,0.556
293,upper leaflet,19.250,11.000,6.380,0.605
294,upper leaflet,13.340,20.690,7.280,0.607
295,upper leaflet,17.860,2.160,6.910,0.655
296,upper leaflet,8.980,5.300,6.720,0.757
297,upper leaflet,10.610,23.190,6.990,0.801
298,upper leaflet,17.970,10.540,6.180,0.628
299,upper leaflet,15.040,6.070,6.380,0.675
300,upper leaflet,16.550,18.130,7.180,0.805
301,upper leaflet,14.100,21.760,7.240,0.530
302,upper leaflet,2.330,16.620,6.210,0.639
303,upper leaflet,7.360,19.970,6.950,0.746
304,upper leaflet,18.650,8.280,6.480,0.635
305,upper leaflet,9.500,1.740,6.940,0.742
306,upper leaflet,8.630,9.840,5.720,0.543
307,upper leaflet,14.750,3.840,6.580,0.588
308,upper leaflet,19.570,12.800,6.560,0.624
309,upper leaflet,12.050,20.780,7.290,0.685
310,upper leaflet,13.250,19.440,7.040,0.814
312,upper leaflet,19.200,8.520,6.340,0.519
313,upper leaflet,5.910,17.310,6.480,0.653
314,upper leaflet,8.090,21.730,7.030,0.784
315,upper leaflet,16.270,19.940,6.580,0.215
316,upper leaflet,10.780,6.880,6.690,0.521
317,upper leaflet,20.880,6.770,6.420,0.651
318,upper leaflet,18.440,9.340,5.890,0.448
319,upper leaflet,17.300,3.260,6.750,0.511
320,upper leaflet,8.080,22.830,6.750,0.761
321,upper leaflet,19.890,17.900,7.150,0.573
322,upper leaflet,21.220,10.960,6.580,0.680
323,upper leaflet,18.880,10.230,6.230,0.630
324,upper leaflet,15.810,4.620,6.630,0.635
325,upper leaflet,6.610,4.250,6.980,0.844
326,upper leaflet,9.150,22.170,6.470,0.654
327,upper leaflet,7.380,10.670,5.890,0.345
328,upper leaflet,14.370,21.300,6.980,0.647
329,upper leaflet,9.400,9.210,6.360,0.714
330,upper leaflet,15.920,13.990,6.840,0.774
331,upper leaflet,5.820,8.480,6.280,0.699
332,upper leaflet,6.650,5.630,6.480,0.959
333,upper leaflet,5.720,13.500,5.540,0.343
334,upper leaflet,15.380,3.240,6.680,0.654
335,upper leaflet,8.300,16.730,6.680,0.820
336,upper leaflet,22.270,18.750,7.130,0.688
337,upper leaflet,1.790,12.070,7.230,0.760
338,upper leaflet,19.060,16.810,7.270,0.550
339,upper leaflet,9.960,21.100,6.930,0.737
340,upper leaflet,19.820,18.500,7.260,0.573
341,upper leaflet,6.010,20.850,6.490,0.705
342,upper leaflet,8.410,15.110,6.610,0.682
343,upper leaflet,21.580,12.610,6.970,0.698
344,upper leaflet,15.250,1.200,6.710,0.628
345,upper leaflet,3.880,14.710,6.090,0.487
346,upper leaflet,14.770,5.080,6.170,0.559
347,upper leaflet,18.600,15.620,6.750,0.661
348,upper leaflet,8.010,19.860,6.540,0.592
349,upper leaflet,17.360,18.470,7.080,0.530
350,upper leaflet,8.890,21.240,6.840,0.749
351,upper leaflet,9.310,20.530,6.890,0.765
352,upper leaflet,20.890,11.420,6.540,0.561
354,upper leaflet,18.710,17.170,7.300,0.550
355,upper leaflet,10.910,4.950,6.690,0.843
356,upper leaflet,10.210,21.810,6.330,0.756
357,upper leaflet,12.100,17.550,6.540,0.717
358,upper leaflet,4.630,15.450,6.100,0.500
359,upper leaflet,13.850,2.900,6.760,0.794
360,upper leaflet,14.670,2.910,6.760,0.577
361,upper leaflet,6.790,17.190,6.180,0.662
362,upper leaflet,14.720,0.530,6.540,0.635
363,upper leaflet,7.070,9.750,6.200,0.609
364,upper leaflet,20.440,14.030,6.910,0.625
365,upper leaflet,14.850,22.880,7.120,0.732
366,upper leaflet,0.910,17.820,6.310,0.525
367,upper leaflet,12.300,4.950,6.540,0.829
368,upper leaflet,23.410,13.180,6.530,0.442
369,upper leaflet,13.920,14.200,6.450,0.819
370,upper leaflet,17.130,6.490,6.210,0.715
371,upper leaflet,6.730,17.950,6.620,0.784
372,upper leaflet,13.160,4.690,6.590,0.798
373,upper leaflet,15.580,8.020,6.050,0.556
374,upper leaflet,20.640,14.700,7.010,0.593
375,upper leaflet,19.530,5.720,6.670,0.816
376,upper leaflet,6.430,9.470,6.430,0.603
377,upper leaflet,7.570,23.700,6.780,1.001
378,upper leaflet,20.400,6.210,6.600,0.634
379,upper leaflet,3.910,13.650,6.320,0.508
380,upper leaflet,16.780,19.990,6.960,0.419
382,upper leaflet,14.330,1.550,6.490,0.615
383,upper leaflet,21.680,9.750,6.710,0.641
384,upper leaflet,10.320,19.620,6.700,0.714
385,upper leaflet,15.510,4.880,6.220,0.583
386,upper leaflet,17.820,18.500,6.810,0.457
387,upper leaflet,14.090,2.130,6.550,0.593
388,upper leaflet,8.480,18.670,6.610,0.717
389,upper leaflet,20.340,17.390,7.410,0.649
390,upper leaflet,5.840,11.050,6.200,0.586
391,upper leaflet,20.340,9.740,6.280,0.592
392,upper leaflet,22.520,14.520,6.980,0.677
393,upper leaflet,4.620,12.400,6.230,0.511
394,upper leaflet,21.200,4.710,6.600,0.623
395,upper leaflet,3.110,11.020,7.060,0.720
396,upper leaflet,9.520,19.490,6.720,0.806
397,upper leaflet,20.300,15.440,6.640,0.668
398,upper leaflet,9.110,7.010,6.270,0.611
399,upper leaflet,18.240,21.250,7.480,0.960
400,upper leaflet,5.820,19.490,6.620,0.783
401,upper leaflet,6.740,16.380,6.380,0.711
402,upper leaflet,21.850,11.570,6.420,0.444
403,upper leaflet,24.370,14.420,6.910,0.624
404,upper leaflet,15.660,5.350,6.350,0.579
405,upper leaflet,19.680,14.670,6.650,0.460
406,upper leaflet,7.680,15.450,6.480,1.136
407,upper leaflet,8.400,6.370,6.250,0.805
408,upper leaflet,4.600,10.950,6.090,0.579
409,upper leaflet,3.790,7.010,6.140,0.792
410,upper leaflet,1.650,20.910,6.230,0.922
411,upper leaflet,4.560,16.170,6.160,0.694
412,upper leaflet,0.960,13.640,6.840,0.832
413,upper leaflet,5.910,9.480,6.500,0.669
414,upper leaflet,7.570,18.940,6.750,0.695
415,upper leaflet,16.120,2.610,6.210,0.695
416,upper leaflet,8.110,2.290,6.550,0.687
417,upper leaflet,20.860,12.230,6.890,0.499
418,upper leaflet,10.740,20.880,6.780,0.608
419,upper leaflet,15.760,1.780,6.470,0.529
420,upper leaflet,17.280,8.020,6.310,0.615
421,upper leaflet,23.630,11.420,7.790,0.738
422,upper leaflet,5.950,18.590,6.620,0.737
423,upper leaflet,19.560,16.960,7.490,0.591
424,upper leaflet,11.340,18.080,6.490,0.580
425,upper leaflet,17.670,20.100,7.270,0.631
426,upper leaflet,10.580,17.490,6.530,0.556
427,upper leaflet,14.970,18.780,7.060,0.763
428,upper leaflet,10.000,22.860,6.450,0.747
429,upper leaflet,15.830,20.010,7.300,0.698
430,upper leaflet,8.670,7.800,6.350,0.769
431,upper leaflet,13.290,6.730,6.710,0.632
433,upper leaflet,9.360,17.370,6.320,0.733
434,upper leaflet,14.490,5.360,5.650,0.440
435,upper leaflet,12.910,22.430,7.130,0.767
436,upper leaflet,9.140,3.040,7.070,0.736
437,upper leaflet,19.450,7.700,5.850,0.506
438,upper leaflet,14.190,22.180,7.010,0.661
439,upper leaflet,0.940,14.700,6.670,0.735
440,upper leaflet,23.610,15.670,7.080,0.764
441,upper leaflet,6.490,20.450,6.940,0.791
442,upper leaflet,6.410,10.300,6.300,0.657
443,upper leaflet,7.650,18.400,6.560,0.785
444,upper leaflet,15.350,24.650,6.760,0.637
445,upper leaflet,15.270,2.400,6.630,0.621
447,upper leaflet,14.760,4.300,6.360,0.586
448,upper leaflet,21.950,6.390,6.390,0.874
449,upper leaflet,0.200,11.180,7.160,0.688
450,upper leaflet,12.330,21.580,7.070,0.818
451,upper leaflet,10.610,7.580,6.160,0.523
452,upper leaflet,8.270,4.860,6.720,0.745
453,upper leaflet,13.200,24.120,6.820,0.732
454,upper leaflet,2.970,16.830,5.980,0.591
455,upper leaflet,2.310,10.670,7.570,0.842
456,upper leaflet,2.440,14.200,6.480,0.760
457,upper leaflet,20.570,5.540,6.510,0.661
458,upper leaflet,21.600,16.110,7.390,0.589
459,upper leaflet,3.200,11.730,6.600,0.576
460,upper leaflet,17.570,21.490,7.340,0.688
461,upper leaflet,3.890,12.430,6.480,0.509
462,upper leaflet,17.580,23.100,6.810,0.599
463,upper leaflet,7.680,21.390,6.510,0.806
464,upper leaflet,1.590,13.960,6.580,0.699
465,upper leaflet,21.490,15.080,7.240,0.815
466,upper leaflet,5.380,10.830,6.120,0.579
467,upper leaflet,8.510,20.170,6.410,0.725
468,upper leaflet,23.870,13.320,6.800,0.683
469,upper leaflet,5.310,15.480,6.170,0.622
470,upper leaflet,4.140,23.200,6.790,0.665
472,upper leaflet,19.270,18.650,7.180,0.648
473,upper leaflet,9.730,24.420,6.720,0.603
474,upper leaflet,23.460,12.490,6.690,0.695
475,upper leaflet,7.310,6.190,6.290,0.648
476,upper leaflet,7.400,22.340,6.770,0.822
477,upper leaflet,21.270,15.760,6.920,0.623
478,upper leaflet,15.070,21.700,6.980,0.549
479,upper leaflet,19.030,4.690,6.560,0.857
480,upper leaflet,17.680,3.620,6.740,0.692
481,upper leaflet,0.650,15.330,6.760,0.797
482,upper leaflet,3.190,7.400,6.850,0.720
483,upper leaflet,19.810,13.240,6.740,0.480
484,upper leaflet,14.110,4.840,6.590,0.635
485,upper leaflet,2.790,21.440,6.740,0.963
486,upper leaflet,5.610,16.390,6.280,0.666
487,upper leaflet,5.920,16.060,6.070,0.639
488,upper leaflet,5.980,3.810,6.750,0.668
489,upper leaflet,3.410,12.180,6.480,0.530
490,upper leaflet,10.980,3.540,6.880,0.737
491,upper leaflet,13.200,24.550,6.540,0.469
492,upper leaflet,5.650,19.010,6.400,0.600
493,upper leaflet,13.930,23.630,6.800,0.748
494,upper leaflet,16.090,1.200,6.860,0.623
495,upper leaflet,0.110,12.480,7.000,1.101
496,upper leaflet,12.470,0.256,6.560,0.508
497,upper leaflet,9.500,6.660,5.850,0.602
498,upper leaflet,12.280,24.100,6.890,0.503
499,upper leaflet,18.310,24.834,6.800,0.544
500,upper leaflet,10.410,2.810,6.810,0.529
501,upper leaflet,4.570,20.410,6.550,0.641
502,upper leaflet,24.200,12.430,7.170,0.943
503,upper leaflet,14.760,23.980,6.840,0.928
504,upper leaflet,18.460,17.890,7.220,0.806
505,upper leaflet,6.440,21.680,6.640,0.711
506,upper leaflet,17.480,15.280,6.870,1.201
507,upper leaflet,4.510,7.300,6.480,0.726
508,upper leaflet,12.800,0.000,6.910,0.615
509,upper leaflet,9.100,24.570,6.560,0.568
510,upper leaflet,5.840,21.760,6.550,0.501
511,upper leaflet,16.300,19.840,7.080,0.384
512,upper leaflet,3.870,15.480,6.060,0.656
513,upper leaflet,23.020,4.350,6.670,0.654
514,upper leaflet,4.620,17.110,6.180,0.637
516,upper leaflet,13.990,3.790,6.770,0.712
517,upper leaflet,13.890,20.040,7.150,0.835
518,upper leaflet,22.430,5.390,6.340,0.672
519,upper leaflet,21.000,7.360,6.190,0.652
520,upper leaflet,3.030,19.330,6.210,0.645
521,upper leaflet,0.860,11.790,7.160,0.673
522,upper leaflet,14.970,1.990,6.440,0.591
523,upper leaflet,5.040,19.420,5.970,0.560
524,upper leaflet,21.340,2.490,6.700,0.561
525,upper leaflet,18.500,16.240,7.070,0.663
526,upper leaflet,18.820,2.420,6.640,0.726
527,upper leaflet,13.250,23.130,7.200,0.674
529,upper leaflet,19.350,15.130,6.700,0.605
530,upper leaflet,6.070,8.110,6.590,0.651
531,upper leaflet,6.020,7.360,6.580,0.635
532,upper leaflet,2.490,9.920,7.250,0.881
533,upper leaflet,16.870,20.650,7.160,0.689
534,upper leaflet,24.530,13.700,6.910,0.690
535,upper leaflet,23.200,6.020,6.680,0.640
536,upper leaflet,20.640,18.190,7.040,0.623
537,upper leaflet,17.170,4.560,6.720,0.663
538,upper leaflet,7.090,6.690,6.340,0.680
539,upper leaflet,7.530,5.010,6.770,0.668
540,upper leaflet,2.170,18.780,6.530,0.570
541,upper leaflet,2.400,12.920,6.930,0.567
542,upper leaflet,1.740,17.390,6.430,0.613
543,upper leaflet,8.120,24.620,6.710,0.656
544,upper leaflet,23.610,10.150,7.330,0.662
545,upper leaflet,17.300,23.440,7.050,0.619
546,upper leaflet,3.180,22.200,6.620,0.638
547,upper leaflet,7.230,8.270,6.180,0.553
548,upper leaflet,11.380,21.600,7.050,0.800
549,upper leaflet,20.720,15.150,6.700,0.616
550,upper leaflet,18.770,19.330,6.900,0.675
552,upper leaflet,0.750,14.120,6.770,0.573
553,upper leaflet,4.500,11.490,6.170,0.543
554,upper leaflet,4.660,19.890,6.510,0.518
555,upper leaflet,20.700,20.730,7.280,0.710
556,upper leaflet,20.800,3.850,6.520,0.578
557,upper leaflet,6.760,24.834,6.630,0.631
558,upper leaflet,9.030,22.730,6.830,0.707
559,upper leaflet,21.350,8.720,6.810,0.724
560,upper leaflet,10.770,22.720,6.720,0.831
561,upper leaflet,12.500,3.910,6.770,0.939
562,upper leaflet,9.410,3.870,6.640,0.693
563,upper leaflet,16.120,19.100,7.260,0.870
564,upper leaflet,3.690,23.010,6.590,0.645
565,upper leaflet,14.890,20.530,6.890,0.949
566,upper leaflet,22.530,17.080,6.890,0.475
567,upper leaflet,11.800,2.410,7.040,0.709
568,upper leaflet,12.130,0.800,6.080,0.495
569,upper leaflet,3.370,5.330,6.250,0.520
570,upper leaflet,0.670,9.690,7.100,0.945
571,upper leaflet,13.080,21.830,7.080,0.751
572,upper leaflet,4.060,14.200,5.980,0.460
573,upper leaflet,17.720,24.330,6.360,0.356
574,upper leaflet,1.440,20.480,6.310,0.559
575,upper leaflet,2.590,19.040,6.140,0.617
576,upper leaflet,3.450,17.880,5.850,0.642
577,upper leaflet,14.250,3.510,6.330,0.530
578,upper leaflet,12.330,3.010,6.800,0.834
579,upper leaflet,13.880,0.760,6.760,0.779
580,upper leaflet,4.190,5.510,5.430,0.417
583,upper leaflet,5.050,4.810,6.450,0.546
584,upper leaflet,4.040,21.780,6.550,0.617
585,upper leaflet,14.820,19.510,7.200,0.868
586,upper leaflet,18.240,3.780,6.090,0.740
587,upper leaflet,22.300,4.750,6.450,0.644
588,upper leaflet,22.190,17.530,7.130,0.740
589,upper leaflet,22.660,12.610,7.060,0.545
591,upper leaflet,7.470,8.050,5.790,0.335
592,upper leaflet,21.300,8.150,6.460,0.702
594,upper leaflet,13.760,24.844,6.430,0.805
595,upper leaflet,17.040,17.810,7.500,0.766
596,upper leaflet,4.220,19.190,5.970,0.629
597,upper leaflet,5.550,18.080,6.420,0.683
598,upper leaflet,1.870,16.700,6.460,0.622
599,upper leaflet,10.070,3.300,6.840,0.663
600,upper leaflet,9.920,0.520,6.920,0.777
601,upper leaflet,16.340,21.300,7.210,0.604
602,upper leaflet,18.880,22.600,7.300,0.913
603,upper leaflet,22.660,8.790,7.300,0.802
604,upper leaflet,18.060,4.760,6.780,0.647
605,upper leaflet,24.800,15.640,6.690,0.806
606,upper leaflet,2.130,6.620,6.600,1.006
607,upper leaflet,3.170,16.070,6.170,0.771
608,upper leaflet,1.370,17.050,6.340,0.522
609,upper leaflet,0.470,11.550,6.500,0.493
610,upper leaflet,5.740,21.160,6.770,0.446
611,upper leaflet,17.860,18.840,7.200,0.660
612,upper leaflet,19.000,2.940,6.730,0.733
613,upper leaflet,6.550,2.470,6.670,0.440
614,upper leaflet,22.830,11.810,7.070,0.755
615,upper leaflet,11.340,0.370,7.030,0.542
616,upper leaflet,2.160,18.090,6.140,0.549
617,upper leaflet,20.100,3.480,6.360,0.607
618,upper leaflet,21.790,12.080,6.540,0.620
619,upper leaflet,24.604,10.430,7.230,0.655
620,upper leaflet,3.700,20.840,6.270,0.718
621,upper leaflet,18.910,12.280,6.350,0.600
622,upper leaflet,5.490,6.640,6.250,0.579
623,upper leaflet,22.530,9.590,6.740,0.775
624,upper leaflet,22.450,7.080,6.780,0.900
625,upper leaflet,16.010,0.140,6.130,0.412
626,upper leaflet,1.260,23.740,6.810,0.508
627,upper leaflet,4.830,6.150,6.310,0.766
628,upper leaflet,4.330,21.200,6.220,0.604
629,upper leaflet,1.960,4.240,6.170,0.550
630,upper leaflet,18.350,0.190,6.380,0.314
631,upper leaflet,4.260,17.940,5.980,0.590
632,upper leaflet,2.020,8.530,6.710,0.694
633,upper leaflet,3.800,18.480,6.290,0.602
634,upper leaflet,2.950,8.260,6.550,0.693
635,upper leaflet,20.790,17.720,7.020,0.487
636,upper leaflet,3.270,23.630,6.810,0.630
637,upper leaflet,1.250,22.940,6.840,0.742
638,upper leaflet,19.940,20.750,7.210,0.700
639,upper leaflet,9.620,23.910,6.630,0.672
640,upper leaflet,4.620,9.500,6.390,0.649
641,upper leaflet,12.770,2.540,6.620,0.803
642,upper leaflet,11.910,24.890,6.510,0.495
643,upper leaflet,1.770,13.060,6.790,0.623
644,upper leaflet,11.520,24.260,6.950,0.774
645,upper leaflet,8.120,7.090,6.210,0.649
647,upper leaflet,15.100,6.770,5.650,0.422
648,upper leaflet,20.460,19.100,7.010,0.585
649,upper leaflet,3.230,9.530,6.890,0.773
650,upper leaflet,4.530,0.850,6.670,0.748
651,upper leaflet,23.650,16.480,6.910,0.706
652,upper leaflet,8.190,1.040,5.880,0.462
653,upper leaflet,4.570,22.390,6.600,0.650
654,upper leaflet,10.700,24.110,6.890,0.794
655,upper leaflet,17.390,24.410,6.780,0.636
656,upper leaflet,8.610,1.490,6.640,0.771
657,upper leaflet,13.440,20.910,6.830,0.734
659,upper leaflet,3.560,8.810,6.930,0.709
660,upper leaflet,2.930,18.300,6.200,0.572
661,upper leaflet,1.480,15.180,6.270,0.828
662,upper leaflet,17.170,2.800,6.660,0.494
663,upper leaflet,24.090,10.640,7.260,0.673
664,upper leaflet,13.300,1.810,6.560,0.623
665,upper leaflet,7.380,17.060,6.520,0.732
666,upper leaflet,6.350,1.120,6.260,0.578
667,upper leaflet,12.090,24.530,6.180,0.394
668,upper leaflet,17.370,2.310,6.680,0.476
669,upper leaflet,17.970,1.640,6.720,0.518
670,upper leaflet,0.056,3.890,6.480,0.700
671,upper leaflet,15.580,21.210,7.240,0.680
672,upper leaflet,1.080,16.240,6.370,0.884
673,upper leaflet,16.550,3.960,6.690,0.709
674,upper leaflet,5.000,21.490,6.310,0.627
675,upper leaflet,23.550,18.160,6.970,0.786
676,upper leaflet,22.240,3.600,6.800,0.677
677,upper leaflet,5.790,1.540,6.220,0.617
678,upper leaflet,4.580,3.260,5.650,0.581
679,upper leaflet,18.460,5.660,6.340,0.670
680,upper leaflet,22.960,10.870,7.150,0.606
681,upper leaflet,19.040,3.910,6.450,0.711
682,upper leaflet,23.380,7.080,6.800,0.762
683,upper leaflet,5.690,4.440,6.820,0.653
684,upper leaflet,1.650,6.070,6.980,0.649
685,upper leaflet,9.610,22.390,6.540,0.621
686,upper leaflet,3.670,19.940,6.180,0.673
687,upper leaflet,22.560,16.550,7.420,0.703
688,upper leaflet,0.610,10.750,7.200,1.004
689,upper leaflet,19.100,21.020,7.360,0.894
690,upper leaflet,9.140,2.400,6.840,0.724
691,upper leaflet,10.370,6.660,6.180,0.606
692,upper leaflet,23.430,14.660,7.010,0.632
693,upper leaflet,1.490,8.240,6.600,0.704
694,upper leaflet,19.690,10.170,6.000,0.569
695,upper leaflet,19.800,4.040,6.650,0.612
696,upper leaflet,16.030,24.650,6.740,0.647
697,upper leaflet,17.050,21.990,6.950,0.526
698,upper leaflet,23.040,16.490,7.030,0.677
699,upper leaflet,24.464,17.210,6.930,0.923
700,upper leaflet,3.670,5.740,6.110,0.470
701,upper leaflet,1.970,5.090,6.420,0.691
702,upper leaflet,24.470,21.560,6.760,0.629
703,upper leaflet,2.490,24.160,6.650,0.576
704,upper leaflet,23.890,18.950,7.150,0.729
705,upper leaflet,16.730,2.920,6.860,0.682
707,upper leaflet,6.490,22.530,6.370,0.677
708,upper leaflet,2.210,7.740,6.890,0.768
709,upper leaflet,17.390,17.030,7.400,1.006
710,upper leaflet,19.450,0.460,7.090,0.712
711,upper leaflet,4.650,18.630,6.360,0.527
712,upper leaflet,0.086,15.940,7.030,0.819
713,upper leaflet,20.520,10.440,6.340,0.605
714,upper leaflet,19.110,6.380,5.810,0.696
715,upper leaflet,24.920,20.010,6.260,0.645
716,upper leaflet,5.040,9.220,6.100,0.665
717,upper leaflet,7.030,2.650,6.600,0.663
718,upper leaflet,1.070,12.170,6.850,0.680
719,upper leaflet,16.050,24.020,7.010,0.715
720,upper leaflet,4.890,24.150,6.750,0.698
721,upper leaflet,4.210,9.620,6.630,0.638
722,upper leaflet,16.420,23.390,7.360,0.733
723,upper leaflet,19.640,19.390,6.850,0.630
724,upper leaflet,0.770,18.660,6.700,0.668
725,upper leaflet,4.740,3.760,5.510,0.471
727,upper leaflet,11.790,1.820,6.660,0.663
728,upper leaflet,22.710,10.530,6.820,0.566
729,upper leaflet,6.360,6.590,6.490,0.587
730,upper leaflet,5.830,23.850,7.050,0.768
731,upper leaflet,0.730,5.560,6.820,0.663
732,upper leaflet,9.960,2.370,6.660,0.635
733,upper leaflet,24.874,19.000,6.870,0.713
734,upper leaflet,15.900,0.510,6.480,0.552
735,upper leaflet,18.040,0.620,6.680,0.611
736,upper leaflet,2.590,13.620,6.580,0.554
737,upper leaflet,19.260,23.590,6.870,0.771
738,upper leaflet,8.840,23.940,6.740,0.589
739,upper leaflet,20.760,3.070,6.610,0.648
740,upper leaflet,8.780,0.230,6.520,0.581
741,upper leaflet,16.680,2.020,6.750,0.600
742,upper leaflet,3.080,13.320,6.380,0.517
743,upper leaflet,12.580,1.050,6.390,0.577
744,upper leaflet,17.150,1.180,6.740,0.623
745,upper leaflet,5.810,5.270,6.630,0.642
746,upper leaflet,14.310,2.570,6.230,0.460
747,upper leaflet,21.340,16.540,7.200,0.818
748,upper leaflet,24.520,7.460,7.030,0.825
749,upper leaflet,22.340,19.770,6.980,0.686
750,upper leaflet,5.210,22.340,6.490,0.540
751,upper leaflet,7.960,0.520,6.350,0.580
753,upper leaflet,10.720,0.840,6.810,0.593
754,upper leaflet,15.910,22.160,7.180,0.635
755,upper leaflet,3.510,21.710,6.390,0.478
756,upper leaflet,19.910,2.720,6.720,0.725
757,upper leaflet,5.210,7.950,6.210,0.694
758,upper leaflet,20.220,4.880,6.520,0.696
759,upper leaflet,20.110,6.660,5.420,0.409
760,upper leaflet,11.230,1.120,6.520,0.597
761,upper leaflet,13.110,1.330,6.500,0.604
762,upper leaflet,20.570,4.210,6.770,0.579
763,upper leaflet,24.540,9.000,7.090,0.745
764,upper leaflet,0.200,17.480,6.690,0.911
765,upper leaflet,21.540,23.460,7.220,0.692
766,upper leaflet,18.870,23.990,6.910,0.636
767,upper leaflet,22.040,11.430,7.020,0.596
768,upper leaflet,21.510,3.250,6.860,0.637
769,upper leaflet,3.110,14.970,6.460,0.675
770,upper leaflet,19.880,22.910,6.880,0.634
771,upper leaflet,3.680,10.320,6.820,0.974
772,upper leaflet,0.590,18.180,6.960,0.581
773,upper leaflet,20.630,23.560,6.960,0.857
774,upper leaflet,3.330,6.130,6.210,0.571
775,upper leaflet,2.860,22.980,6.690,0.651
776,upper leaflet,23.050,15.130,6.820,0.613
777,upper leaflet,1.430,18.430,6.500,0.693
778,upper leaflet,2.120,11.240,7.040,0.738
779,upper leaflet,16.620,0.370,6.650,0.613
780,upper leaflet,3.430,13.720,6.340,0.523
781,upper leaflet,12.450,23.380,7.100,1.217
782,upper leaflet,4.800,1.530,6.210,0.629
783,upper leaflet,23.120,10.000,6.900,0.599
784,upper leaflet,2.550,17.510,6.260,0.578
785,upper leaflet,9.420,0.580,6.840,0.698
786,upper leaflet,22.190,10.420,6.590,0.676
787,upper leaflet,17.180,22.520,7.280,0.535
788,upper leaflet,22.560,13.120,6.810,0.673
789,upper leaflet,19.290,1.280,7.160,0.622
790,upper leaflet,20.950,22.810,7.160,0.705
791,upper leaflet,2.370,8.160,6.600,0.640
792,upper leaflet,5.020,23.670,6.940,0.725
793,upper leaflet,2.660,4.630,5.900,0.676
796,upper leaflet,24.890,5.770,6.860,0.639
797,upper leaflet,1.440,17.910,6.410,0.504
798,upper leaflet,5.540,20.370,6.450,0.713
799,upper leaflet,7.780,1.020,6.470,0.577
800,upper leaflet,14.820,21.950,6.550,0.468
801,upper leaflet,23.680,17.240,6.870,0.652
802,upper leaflet,1.910,23.670,6.860,0.656
803,upper leaflet,18.740,0.520,7.210,0.646
804,upper leaflet,0.490,6.910,6.790,0.664
806,upper leaflet,4.650,3.400,6.180,0.523
807,upper leaflet,22.200,5.050,6.050,0.302
808,upper leaflet,23.070,18.530,6.830,0.693
809,upper leaflet,1.900,3.790,5.980,0.576
810,upper leaflet,11.010,24.924,6.760,0.754
811,upper leaflet,20.440,9.200,6.620,0.649
812,upper leaflet,18.030,1.130,6.670,0.549
813,upper leaflet,3.490,24.190,6.470,0.614
814,upper leaflet,0.770,8.110,7.000,0.691
815,upper leaflet,0.140,14.100,6.640,0.689
816,upper leaflet,16.430,22.090,6.990,0.632
817,upper leaflet,19.460,22.990,6.550,0.441
818,upper leaflet,7.310,19.250,6.510,0.727
819,upper leaflet,6.720,24.330,6.620,0.666
820,upper leaflet,6.010,2.460,6.720,0.655
821,upper leaflet,2.820,5.360,6.160,0.533
822,upper leaflet,22.650,15.490,7.380,0.658
823,upper leaflet,23.430,8.160,6.920,0.954
824,upper leaflet,1.510,9.570,7.410,0.716
825,upper leaflet,10.540,1.660,6.800,0.856
827,upper leaflet,0.300,19.340,6.660,0.662
828,upper leaflet,6.750,1.930,6.320,0.590
829,upper leaflet,17.150,0.620,6.660,0.607
830,upper leaflet,18.400,20.250,7.320,0.729
831,upper leaflet,4.180,4.670,6.000,0.529
832,upper leaflet,20.580,7.590,6.610,0.647
833,upper leaflet,4.430,5.340,6.190,0.545
834,upper leaflet,5.080,22.090,5.800,0.319
835,upper leaflet,1.080,4.670,5.540,0.424
836,upper leaflet,21.470,18.690,6.980,0.657
837,upper leaflet,0.780,4.150,6.430,0.642
838,upper leaflet,1.470,19.750,6.460,0.935
839,upper leaflet,5.820,24.374,6.820,0.620
840,upper leaflet,17.750,19.620,7.270,0.650
841,upper leaflet,23.430,9.070,7.110,0.836
842,upper leaflet,18.410,23.270,7.030,0.611
843,upper leaflet,7.650,24.800,6.750,0.654
844,upper leaflet,24.200,6.320,6.880,0.694
845,upper leaflet,23.020,14.870,6.400,0.284
846,upper leaflet,21.230,1.050,7.140,0.796
847,upper leaflet,24.120,14.790,6.770,0.628
848,upper leaflet,15.770,23.110,6.920,0.784
849,upper leaflet,0.890,7.200,6.650,0.827
850,upper leaflet,23.080,17.520,6.740,0.616
851,upper leaflet,20.970,8.310,5.930,0.472
852,upper leaflet,2.800,20.500,6.440,0.695
853,upper leaflet,0.026,9.010,6.730,0.727
854,upper leaflet,21.080,24.844,6.850,0.796
855,upper leaflet,5.960,22.590,6.710,0.682
856,upper leaflet,5.320,24.890,6.380,0.777
857,upper leaflet,20.100,0.710,7.160,0.774
858,upper leaflet,0.950,21.240,6.310,0.606
859,upper leaflet,5.260,7.130,6.310,0.667
860,upper leaflet,0.700,24.010,6.480,0.606
861,upper leaflet,3.320,2.330,6.200,0.603
862,upper leaflet,20.750,21.430,7.120,1.044
863,upper leaflet,1.440,9.110,7.300,0.690
864,upper leaflet,19.730,10.620,6.160,0.509
865,upper leaflet,24.370,22.400,6.430,0.593
866,upper leaflet,1.040,22.080,6.660,0.645
867,upper leaflet,16.230,20.810,7.200,0.600
869,upper leaflet,0.250,4.870,6.730,0.687
870,upper leaflet,7.080,1.460,6.180,0.562
871,upper leaflet,23.030,24.260,7.330,0.649
872,upper leaflet,24.390,6.940,6.960,0.498
873,upper leaflet,4.120,2.800,6.020,0.633
874,upper leaflet,19.180,24.470,6.970,0.696
875,upper leaflet,22.910,23.850,7.040,0.629
876,upper leaflet,2.930,20.050,6.160,0.672
877,upper leaflet,5.350,1.240,6.550,0.621
878,upper leaflet,21.410,17.780,7.400,0.730
879,upper leaflet,17.900,22.450,7.000,0.786
880,upper leaflet,4.040,4.080,6.090,0.570
881,upper leaflet,6.750,23.190,6.470,0.873
882,upper leaflet,18.080,24.020,7.130,0.616
883,upper leaflet,24.710,20.670,6.810,0.658
884,upper leaflet,22.910,6.640,6.350,0.658
885,upper leaflet,2.370,5.820,6.470,0.586
886,upper leaflet,0.100,6.880,6.370,0.458
887,upper leaflet,22.210,24.504,7.250,0.618
888,upper leaflet,19.000,1.690,6.980,0.602
889,upper leaflet,0.860,8.740,7.100,0.671
890,upper leaflet,1.980,1.300,6.410,0.611
891,upper leaflet,20.230,19.710,6.460,0.604
892,upper leaflet,21.580,4.150,6.910,0.623
893,upper leaflet,4.180,24.720,6.690,0.692
894,upper leaflet,5.460,6.140,5.940,0.567
895,upper leaflet,22.320,23.230,7.400,0.654
896,upper leaflet,21.480,22.610,7.320,0.908
897,upper leaflet,23.590,5.610,6.790,0.622
898,upper leaflet,20.690,24.434,7.050,0.828
899,upper leaflet,23.580,2.960,5.920,0.319
900,upper leaflet,5.930,0.340,6.450,0.680
901,upper leaflet,0.420,1.760,6.740,0.533
902,upper leaflet,2.870,5.940,6.450,0.449
903,upper leaflet,23.890,20.450,6.790,0.827
904,upper leaflet,0.920,20.500,6.450,0.585
905,upper leaflet,23.400,19.330,7.090,0.692
906,upper leaflet,2.000,24.490,6.680,0.524
907,upper leaflet,21.640,24.310,6.870,0.668
908,upper leaflet,0.490,21.340,6.530,0.690
909,upper leaflet,4.930,2.420,6.280,0.691
910,upper leaflet,24.380,5.220,6.780,0.678
911,upper leaflet,1.070,3.270,6.430,0.681
912,upper leaflet,0.190,24.650,6.740,0.616
913,upper leaflet,22.230,21.480,7.290,0.903
914,upper leaflet,2.310,22.340,6.660,1.026
915,upper leaflet,2.690,3.590,5.980,0.630
916,upper leaflet,22.570,20.530,7.110,0.763
917,upper leaflet,3.030,24.310,6.490,0.608
918,upper leaflet,4.960,4.410,6.070,0.565
919,upper leaflet,21.340,20.190,7.350,0.703
920,upper leaflet,21.610,5.360,6.690,0.685
921,upper leaflet,20.020,22.350,7.180,0.833
922,upper leaflet,21.320,1.990,6.780,0.663
923,upper leaflet,0.510,20.070,6.330,0.577
924,upper leaflet,21.330,19.400,7.240,0.397
926,upper leaflet,22.860,5.290,6.650,0.586
927,upper leaflet,23.530,3.600,6.410,0.721
928,upper leaflet,3.600,4.310,5.790,0.535
929,upper leaflet,20.620,1.200,6.230,0.626
930,upper leaflet,22.490,7.950,6.990,0.938
931,upper leaflet,24.854,1.410,6.430,0.589
932,upper leaflet,24.320,0.720,6.620,0.569
933,upper leaflet,0.500,6.380,6.840,0.664
934,upper leaflet,19.280,20.010,7.160,0.716
935,upper leaflet,1.560,2.960,6.150,0.573
936,upper leaflet,2.830,1.130,6.290,0.639
937,upper leaflet,2.570,1.980,6.040,0.581
938,upper leaflet,20.910,19.650,7.080,0.622
939,upper leaflet,24.250,23.590,6.270,0.439
940,upper leaflet,6.230,3.520,6.410,0.752
941,upper leaflet,22.830,2.980,6.540,0.695
942,upper leaflet,23.080,20.340,7.040,0.641
943,upper leaflet,3.540,24.804,6.100,0.380
944,upper leaflet,2.470,2.660,6.260,0.575
945,upper leaflet,24.380,23.880,6.690,0.451
946,upper leaflet,0.500,23.230,6.270,0.429
948,upper leaflet,22.090,1.850,6.960,0.637
949,upper leaflet,1.380,2.620,6.520,0.566
950,upper leaflet,23.870,1.170,7.000,0.636
951,upper leaflet,3.280,3.610,6.070,0.686
952,upper leaflet,2.990,2.740,5.850,0.562
953,upper leaflet,23.410,21.150,7.170,0.745
954,upper leaflet,20.410,1.950,6.820,0.592
955,upper leaflet,1.490,24.434,6.530,0.638
956,upper leaflet,22.450,22.340,7.320,0.771
957,upper leaflet,24.520,9.810,7.430,0.679
958,upper leaflet,21.790,19.580,6.940,0.652
959,upper leaflet,0.016,23.280,6.470,0.587
960,upper leaflet,22.120,2.650,6.840,0.682
961,upper leaflet,24.300,2.140,6.870,0.749
963,upper leaflet,23.740,4.710,6.630,0.643
964,upper leaflet,24.130,22.940,6.710,0.603
965,upper leaflet,23.080,19.050,6.780,0.522
966,upper leaflet,0.260,0.180,6.540,0.659
967,upper leaflet,0.800,1.820,6.030,0.467
968,upper leaflet,22.320,1.360,7.190,0.705
970,upper leaflet,22.490,24.020,6.800,0.415
971,upper leaflet,23.180,21.650,7.070,0.691
972,upper leaflet,24.160,2.900,6.620,0.750
973,upper leaflet,2.500,0.310,6.460,0.651
974,upper leaflet,3.840,1.610,6.280,0.661
975,upper leaflet,22.850,0.380,6.930,0.759
976,upper leaflet,23.720,24.250,6.780,0.651
977,upper leaflet,1.790,0.850,6.210,0.681
978,upper leaflet,24.810,1.750,6.020,0.426
979,upper leaflet,23.030,1.600,6.820,0.904
980,upper leaflet,23.600,0.660,7.130,0.652
981,upper leaflet,23.170,23.050,7.280,0.668
982,upper leaflet,23.740,4.490,6.180,0.389
983,upper leaflet,24.170,0.236,6.820,0.627
984,upper leaflet,0.570,2.620,6.720,0.614
985,upper leaflet,23.520,22.400,6.780,0.651
986,upper leaflet,0.100,22.360,6.670,0.572
987,upper leaflet,23.410,2.820,6.400,0.749
988,upper leaflet,1.070,0.270,6.330,0.743
989,upper leaflet,3.360,0.200,6.400,0.638
990,upper leaflet,0.660,1.050,6.370,0.754
991,upper leaflet,1.230,4.900,6.510,0.641
992,upper leaflet,24.410,24.604,6.690,0.510
993,upper leaflet,2.980,1.910,5.730,0.406
994,upper leaflet,24.550,4.110,6.930,0.697
995,upper leaflet,3.670,1.030,6.440,0.681
996,upper leaflet,19.840,21.380,7.010,0.786
997,upper leaflet,21.660,0.320,7.280,0.764
998,upper leaflet,0.490,22.660,6.420,0.591
999,upper leaflet,23.960,21.840,7.030,0.571
1000,upper leaflet,1.750,1.960,6.250,0.582
1285,upper leaflet,18.630,16.750,6.090,0.407
1440,upper leaflet,19.870,1.810,6.290,0.632
1666,upper leaflet,8.820,23.650,6.360,0.639
1803,upper leaflet,4.440,18.480,5.800,0.303
1829,upper leaflet,14.990,24.884,5.840,0.520
1835,upper leaflet,6.210,6.450,5.660,0.419
1935,upper leaflet,5.070,1.960,5.860,0.458
1994,upper leaflet,0.640,2.620,6.020,0.419
