Species,abbrev,lm_id,charmm36,concentration
CL 64:3,NA,['NA'],['NA'],0.0
CL 64:4,"CL(1'-[16:1(9Z)/16:1(9Z)],3'-[16:1(9Z)/16:1(9Z)])",['NA'],"['TYCL1', 'TYCL2']",0.0
CL 66:2,CL 66:2,"['LMGP12010655', 'LMGP12010010', 'LMGP12010025', 'LMGP12010115']",['NA'],0.0
CL 66:3,NA,['NA'],['NA'],0.0
CL 66:4,NA,['NA'],['NA'],0.0
CL 66:5,NA,['NA'],['NA'],0.0
CL 68:2,CL 68:2,"['LMGP12010006', 'LMGP12010081']","['POCL1', 'PVCL2', 'POCL2']",0.0
CL 68:3,CL 68:3,"['LMGP12010097', 'LMGP12010127', 'LMGP12010117', 'LMGP12010442', 'LMGP12010022', 'LMGP12010657', 'LMGP12010027', 'LMGP12010667', 'LMGP12010727', 'LMGP12010082', 'LMGP12010547', 'LMGP12010457']",['NA'],0.0
CL 68:4,CL 68:4,"['LMGP12010658', 'LMGP12010118', 'LMGP12010028', 'LMGP12011087', 'LMGP12010133', 'LMGP12010187', 'LMGP12010673', 'LMGP12010037', 'LMGP12010012', 'LMGP12010763']",['NA'],0.0
CL 68:5,NA,['NA'],['NA'],0.0
CL 70:3,CL 70:3,"['LMGP12010448', 'LMGP12010063', 'LMGP12010238', 'LMGP12010553', 'LMGP12010313', 'LMGP12010513', 'LMGP12010098', 'LMGP12010728', 'LMGP12010128', 'LMGP12010298', 'LMGP12010733', 'LMGP12010493', 'LMGP12010668', 'LMGP12010523', 'LMGP12010123', 'LMGP12010343', 'LMGP12010478', 'LMGP12010458', 'LMGP12010058', 'LMGP12010243', 'LMGP12010663', 'LMGP12010703', 'LMGP12010693', 'LMGP12010088', 'LMGP12010453', 'LMGP12010093', 'LMGP12010333', 'LMGP12010548']",['NA'],0.0
CL 70:4,CL 70:4,"['LMGP12011093', 'LMGP12010454', 'LMGP12010764', 'LMGP12010664', 'LMGP12010769', 'LMGP12010244', 'LMGP12010129', 'LMGP12010048', 'LMGP12010073', 'LMGP12010459', 'LMGP12010739', 'LMGP12011088', 'LMGP12010228', 'LMGP12010514', 'LMGP12010334', 'LMGP12010094', 'LMGP12010253', 'LMGP12010134', 'LMGP12010188', 'LMGP12010349', 'LMGP12010709', 'LMGP12011123', 'LMGP12010099', 'LMGP12010124', 'LMGP12010674', 'LMGP12010694', 'LMGP12010729', 'LMGP12010549', 'LMGP12010018', 'LMGP12010038', 'LMGP12010559', 'LMGP12010403', 'LMGP12010064', 'LMGP12010529', 'LMGP12010669', 'LMGP12010193']",['NA'],0.0
CL 70:5,CL 70:5,"['LMGP12010550', 'LMGP12010675', 'LMGP12010745', 'LMGP12010135', 'LMGP12010024', 'LMGP12010109', 'LMGP12010460', 'LMGP12010199', 'LMGP12010039', 'LMGP12010189', 'LMGP12010100', 'LMGP12010730', 'LMGP12010775', 'LMGP12010469', 'LMGP12010084', 'LMGP12010444', 'LMGP12010565', 'LMGP12010130', 'LMGP12010765', 'LMGP12010619', 'LMGP12011089', 'LMGP12011159', 'LMGP12010670', 'LMGP12011099']",['NA'],0.0
CL 70:6,CL 70:6,"['LMGP12010685', 'LMGP12010040', 'LMGP12010766', 'LMGP12011105', 'LMGP12010120', 'LMGP12011195', 'LMGP12010145', 'LMGP12011090', 'LMGP12010660', 'LMGP12010030', 'LMGP12010781', 'LMGP12010835', 'LMGP12010136', 'LMGP12010205', 'LMGP12010190', 'LMGP12010676']",['NA'],0.0
CL 72:5,CL 72:5,"['LMGP12010746', 'LMGP12010706', 'LMGP12010195', 'LMGP12010470', 'LMGP12010316', 'LMGP12010480', 'LMGP12010505', 'LMGP12010450', 'LMGP12010405', 'LMGP12011095', 'LMGP12010711', 'LMGP12010736', 'LMGP12010496', 'LMGP12011135', 'LMGP12010741', 'LMGP12010110', 'LMGP12010561', 'LMGP12011100', 'LMGP12010526', 'LMGP12010060', 'LMGP12010300', 'LMGP12010531', 'LMGP12011165', 'LMGP12010351', 'LMGP12010075', 'LMGP12010556', 'LMGP12010776', 'LMGP12010200', 'LMGP12010415', 'LMGP12011160', 'LMGP12010325', 'LMGP12011125', 'LMGP12010620', 'LMGP12010090', 'LMGP12010240', 'LMGP12010255', 'LMGP12010625', 'LMGP12010566', 'LMGP12010771', 'LMGP12010346']",['NA'],0.0
Cer 32:0;2,Cer 32:0;O2,"['LMSP02020016', 'LMSP02020068']",['NA'],0.0
Cer 32:1;2,Cer 32:1;O2,"['LMSP02010001', 'LMSP02010034']",['NA'],0.0176653725206329
Cer 34:0;2,Cer 34:0;O2,['LMSP02020001'],['NA'],0.0017672783428846
Cer 34:1;2,Cer 34:1;O2,['LMSP02010004'],['CER160'],0.158168168483941
Cer 34:2;2,Cer 34:2;O2,"['LMSP02010054', 'LMSP02010062', 'LMSP02010037', 'LMSP02010024']",['NA'],0.0287423986260666
Cer 34:3;2,Cer 34:3;O2,['LMSP02010055'],['NA'],0.0
Cer 36:1;2,Cer 36:1;O2,['LMSP02010006'],['CER180'],0.0104178294802823
Cer 36:2;2,Cer 36:2;O2,['LMSP02010003'],['CER181'],0.0
Cer 36:3;2,Cer 36:3;O2,"['LMSP02010057', 'LMSP02010064', 'LMSP02010025']",['NA'],0.0011629986367646
Cer 40:1;2,Cer 40:1;O2,['LMSP02010008'],['CER220'],0.0169060500738853
Cer 42:1;2,Cer 42:1;O2,['LMSP02010012'],['CER240'],0.0675962090464608
Cer 42:2;2,Cer 42:2;O2,['LMSP02010009'],['CER241'],0.134158391912655
Cer 42:3;2,NA,['NA'],['NA'],0.0384981791551303
Cer 44:1;2,Cer 44:1;O2,"['LMSP02010011', 'LMSP02020013']",['NA'],0.0002661973299442
Cer 44:2;2,Cer 44:2;O2,"['LMSP02010010', 'LMSP02010173']",['NA'],0.0
Cer 44:3;2,NA,['NA'],['NA'],0.0012902120182801
Chol,ST 27:1;O,['LMST01010001'],['Cholesterol'],8.4052853188569
GM2 34:1;2,Hex(2)-HexNAc-NeuAc-Cer 34:1;O2,"['LMSP0601AM01', 'LMSP0601EK01']",['NA'],0.0
GM3 34:0;2,NA,['NA'],['NA'],0.0336590200864919
GM3 34:1;2,NeuAcHex2Cer 34:1;O2,['LMSP0601AJ01'],['NA'],0.0918088782413783
GM3 42:2;2,NeuAcHex2Cer 42:2;O2,['LMSP0601AJ07'],['NA'],0.0
HexCer 32:0;2,HexCer 32:0;O2,['LMSP0501AA28'],['NA'],0.0049187184062004
HexCer 34:0;2,HexCer 34:0;O2,"['LMSP0501AC11', 'LMSP0501AA04']",['NA'],0.0050313783174454
HexCer 34:1;2,HexCer 34:1;O2,"['LMSP0501AC01', 'LMSP0501AA42', 'LMSP0501AA49', 'LMSP0501AA03']",['NA'],0.0287249679361521
HexCer 34:3;2,HexCer 34:3;O3,"['LMSP05010096', 'LMSP05010095']",['NA'],0.0
HexCer 36:0;2,HexCer 36:0;O2,['LMSP0501AA19'],['NA'],0.0
HexCer 36:1;2,HexCer 36:1;O2,"['LMSP0501AA43', 'LMSP0501AC02', 'LMSP0501AA50', 'LMSP0501AA05', 'LMSP0501AA29']",['NA'],0.0
HexCer 40:1;2,HexCer 40:1;O2,"['LMSP0501AA07', 'LMSP0501AC04', 'LMSP0501AA51']",['NA'],0.0013672918669552
HexCer 42:1;2,HexCer 42:1;O2,"['LMSP0501AA09', 'LMSP0501AA22', 'LMSP05010127', 'LMSP0501AC05']",['NA'],0.0065212293183819
HexCer 42:2;2,HexCer 42:2;O2,"['LMSP0501AC07', 'LMSP0501AA08']",['NA'],0.0023017543077479
LPA 16:0,LPA 16:0,"['LMGP10050042', 'LMGP10050041', 'LMGP10050006']",['NA'],0.0286345922548958
LPA 18:0,LPA 18:0,"['LMGP10050043', 'LMGP10050005']",['NA'],0.0208632625801141
LPA 18:2,LPA 18:2,"['LMGP10050044', 'LMGP10050017']",['NA'],0.0
LPC 14:0,LPC 14:0,"['LMGP01050012', 'LMGP01050073']",['NA'],0.0387580758456542
LPC 16:0,LPC 16:0,"['LMGP01050113', 'LMGP01050074', 'LMGP01050018']",['NA'],0.104807416031315
LPC 16:1,LPC 16:1,"['LMGP01050021', 'LMGP01050022']",['NA'],0.14699321088177
LPC 18:0,LPC 18:0,"['LMGP01050076', 'LMGP01050026']",['NA'],0.0
LPC 18:1,LPC 18:1,"['LMGP01050138', 'LMGP01050114', 'LMGP01050079', 'LMGP01050030', 'LMGP01050080', 'LMGP01050032', 'LMGP01050029', 'LMGP01050082']",['NA'],0.177990389363272
LPC 18:2,LPC 18:2,"['LMGP01050035', 'LMGP01050034']",['NA'],0.0119588324525795
LPC 20:1,LPC 20:1,"['LMGP01050146', 'LMGP01050131', 'LMGP01050047']",['NA'],0.0
LPC 20:3,LPC 20:3,"['LMGP01050133', 'LMGP01050139']",['NA'],0.0
LPCO- 16:0,LPC O-16:0,['LMGP01060010'],['NA'],2.76407582684988e-05
LPCO- 16:1,LPC O-16:1,"['LMGP01060047', 'LMGP01070006', 'LMGP01060029', 'LMGP01060031', 'LMGP01060028', 'LMGP01060048']",['NA'],0.0008954302334203
LPCO- 18:1,LPC O-18:1,"['LMGP01060045', 'LMGP01060039', 'LMGP01060034', 'LMGP01060046', 'LMGP01070009']",['NA'],0.0002483329333489
LPCO- 18:2,LPC O-18:2,['LMGP01070012'],['NA'],0.002576675729705
LPCO- 18:3,NA,['NA'],['NA'],0.0
LPCO- 20:0,LPC O-20:0,['LMGP01060041'],['NA'],0.0
LPCO- 20:2,NA,['NA'],['NA'],0.0
LPCO- 20:3,NA,['NA'],['NA'],0.0003145315632124
LPCO- 22:2,NA,['NA'],['NA'],0.0
LPCO- 22:4,NA,['NA'],['NA'],0.0004812590731904
LPCO- 22:5,NA,['NA'],['NA'],0.0
LPCO- 22:6,NA,['NA'],['NA'],0.0
LPE 16:0,LPE 16:0,"['LMGP02050002', 'LMGP02050036']",['NA'],0.0152066224717274
LPE 16:1,LPE 16:1,"['LMGP02050010', 'LMGP02050037']",['NA'],0.0656336079376319
LPE 18:0,LPE 18:0,"['LMGP02050001', 'LMGP02050038']",['NA'],0.0047546159091217
LPE 18:1,LPE 18:1,"['LMGP02050064', 'LMGP02050004', 'LMGP02050039', 'LMGP02050040']",['NA'],0.103655870169535
LPE 18:2,LPE 18:2,"['LMGP02050011', 'LMGP02050041']",['NA'],0.0043326104339049
LPE 20:0,LPE 20:0,"['LMGP02050045', 'LMGP02050012']",['NA'],0.0
LPE 20:1,LPE 20:1,"['LMGP02050020', 'LMGP02050046']",['NA'],0.0064011230267649
LPE 20:3,LPE 20:3,"['LMGP02050050', 'LMGP02050065', 'LMGP02050022', 'LMGP02050049', 'LMGP02050048', 'LMGP02050066']",['NA'],0.010761832321402
LPE 20:4,LPE 20:4,"['LMGP02050052', 'LMGP02050051', 'LMGP02050009', 'LMGP02050067']",['NA'],0.0548229338981817
LPE 20:5,LPE 20:5,"['LMGP02050053', 'LMGP02050027']",['NA'],0.0256244825561377
LPE 22:0,LPE 22:0,"['LMGP02050054', 'LMGP02050025']",['NA'],0.0
LPE 22:1,LPE 22:1,"['LMGP02050055', 'LMGP02050068', 'LMGP02050023']",['NA'],0.0
LPE 22:2,LPE 22:2,"['LMGP02050024', 'LMGP02050056']",['NA'],2.31005265572881e-05
LPE 22:4,LPE 22:4,"['LMGP02050057', 'LMGP02050014']",['NA'],0.0015729888325189
LPE 22:5,LPE 22:5,"['LMGP02050058', 'LMGP02050069', 'LMGP02050070', 'LMGP02050059']",['NA'],0.0280412957553314
LPE 22:6,LPE 22:6,"['LMGP02050013', 'LMGP02050060']",['NA'],0.0407114886115228
LPEO- 16:0,LPE O-16:0,['LMGP02060002'],['NA'],0.0
LPEO- 16:1,NA,['NA'],['NA'],0.0097017835922575
LPEO- 18:0,LPE O-18:0,['LMGP02060003'],['NA'],0.0
LPEO- 18:1,LPE O-18:1,"['LMGP02070002', 'LMGP02060004']",['NA'],0.0
LPEO- 18:2,NA,['NA'],['NA'],0.0037200205093383
LPEO- 20:1,NA,['NA'],['NA'],9.7191827421882e-05
LPEO- 20:2,NA,['NA'],['NA'],0.0
LPEO- 22:1,NA,['NA'],['NA'],0.0
LPEO- 22:2,NA,['NA'],['NA'],0.0
LPEO- 22:6,NA,['NA'],['NA'],0.0002342776589384
LPG 16:0,LPG 16:0,['LMGP04050008'],['NA'],6.45962840770124e-05
LPG 16:1,LPG 16:1,['LMGP04050013'],['NA'],0.0
LPG 18:0,LPG 18:0,['LMGP04050009'],['NA'],0.0
LPG 18:1,LPG 18:1,['LMGP04050006'],['NA'],0.0
LPG 18:2,LPG 18:2,['LMGP04050014'],['NA'],0.0
LPG 20:1,LPG 20:1,['LMGP04050023'],['NA'],0.0
LPG 22:6,LPG 22:6,['LMGP04050016'],['NA'],0.0
LPI 16:0,LPI 16:0,['LMGP06050002'],['NA'],0.0300380338033109
LPI 16:1,LPI 16:1,['LMGP06050009'],['NA'],0.0315136597663275
LPI 18:0,LPI 18:0,['LMGP06050004'],['NA'],0.174705560103602
LPI 18:1,LPI 18:1,['LMGP06050005'],['NA'],0.151550395925253
LPI 20:1,LPI 20:1,['LMGP06050019'],['NA'],0.0
LPI 20:2,LPI 20:2,['LMGP06050020'],['NA'],0.0
LPI 20:3,LPI 20:3,['LMGP06050021'],['NA'],0.0
LPI 20:4,LPI 20:4,['LMGP06050006'],['NA'],0.0024703985621654
LPS 18:0,LPS 18:0,['LMGP03050006'],['NA'],0.0035477033527572
PA 32:2,PA 32:2,['LMGP10010969'],['DYPA'],0.0283727439444567
PA 34:1,PA 34:1,['LMGP10010032'],['POPA'],0.0526526227726728
PA 34:2,PA 34:2,"['LMGP10010903', 'LMGP10010023']","['YOPA', 'PLPA']",0.0884011259235145
PA 34:3,PA 34:3,['LMGP10010975'],['PLEPA'],0.0
PA 36:2,PA 36:2,"['LMGP10010962', 'LMGP10010036']","['DOPA', 'SLPA']",0.0496424140599122
PA 36:3,PA 36:3,"['LMGP10010405', 'LMGP10010314', 'LMGP10010216', 'LMGP10010905', 'LMGP10010348', 'LMGP10010593', 'LMGP10010758', 'LMGP10010375', 'LMGP10010134', 'LMGP10010961', 'LMGP10010563', 'LMGP10010293', 'LMGP10010313', 'LMGP10010488']",['NA'],0.0032731075077603
PA 38:2,PA 38:2,"['LMGP10010221', 'LMGP10010683', 'LMGP10010300', 'LMGP10010538', 'LMGP10010198', 'LMGP10010354', 'LMGP10010952', 'LMGP10010567', 'LMGP10010731', 'LMGP10010496', 'LMGP10010965', 'LMGP10010761', 'LMGP10010959']",['NA'],0.0
PA 38:3,PA 38:3,"['LMGP10010598', 'LMGP10010516', 'LMGP10010517', 'LMGP10010762', 'LMGP10010539', 'LMGP10010411', 'LMGP10010222', 'LMGP10010885', 'LMGP10010383', 'LMGP10010355', 'LMGP10010332', 'LMGP10010568']",['NA'],0.000824978894278
PA 38:4,PA 38:4,['LMGP10010024'],['SAPA'],5.16034814978771e-05
PAO- 32:0,PA O-32:0,"['LMGP10020021', 'LMGP10020084', 'LMGP10020042']",['NA'],0.0002376421040566
PC 28:0,PC 28:0,['LMGP01010477'],['DMPC'],0.484205120724361
PC 30:0,PC 30:0,"['LMGP01010461', 'LMGP01010560', 'LMGP01010702', 'LMGP01010736', 'LMGP01011265', 'LMGP01010416', 'LMGP01010530', 'LMGP01010969', 'LMGP01010438', 'LMGP01010995', 'LMGP01010481', 'LMGP01010395']",['NA'],2.32436415965404
PC 30:1,PC 30:1,"['LMGP01010485', 'LMGP01011435', 'LMGP01011475', 'LMGP01011463', 'LMGP01011412', 'LMGP01011384', 'LMGP01011344', 'LMGP01011595', 'LMGP01011522', 'LMGP01010440']",['NA'],1.91085484212716
PC 32:0,PC 32:0,['LMGP01010564'],['DPPC'],0.867042705332694
PC 32:1,PC 32:1,['LMGP01010566'],['PYPC'],14.1028740152082
PC 32:2,PC 32:2,['LMGP01010684'],['DYPC'],2.81225425196442
PC 32:3,PC 32:3,"['LMGP01011369', 'LMGP01011441', 'LMGP01010497', 'LMGP01011556', 'LMGP01011866', 'LMGP01011391', 'LMGP01011617', 'LMGP01011331', 'LMGP01011673', 'LMGP01011642']",['NA'],0.174769748659488
PC 34:1,PC 34:1,['LMGP01010005'],['POPC'],14.7970331593335
PC 34:2,PC 34:2,"['LMGP01010594', 'LMGP01010589', 'LMGP01010688']","['YOPC', 'PILPC', 'PLPC']",12.1784875438214
PC 34:3,PC 34:3,['LMGP01010601'],['PLEPC'],0.478354940790106
PC 34:4,PC 34:4,"['LMGP01012193', 'LMGP01011869', 'LMGP01010608', 'LMGP01010731', 'LMGP01010963', 'LMGP01010506', 'LMGP01010603', 'LMGP01011899', 'LMGP01012132', 'LMGP01011678', 'LMGP01011706', 'LMGP01010604', 'LMGP01011337', 'LMGP01012209', 'LMGP01011400', 'LMGP01011647', 'LMGP01012066', 'LMGP01012128', 'LMGP01010606', 'LMGP01011484', 'LMGP01010699', 'LMGP01011485']",['NA'],0.989224047010366
PC 34:5,PC 34:5,"['LMGP01010508', 'LMGP01010692', 'LMGP01011900', 'LMGP01011928', 'LMGP01011707', 'LMGP01011401']",['NA'],0.202263314483973
PC 36:2,PC 36:2,"['LMGP01010890', 'LMGP01010768']","['SLPC', 'DOPC']",11.0910994845843
PC 36:3,PC 36:3,['LMGP01011589'],['SLEPC'],0.942470356140574
PC 36:4,PC 36:4,['LMGP01010937'],"['DUPC', 'DLiPC']",1.10055965935251
PC 36:5,PC 36:5,['LMGP01011626'],['LLPC'],0.839979944780581
PC 36:6,PC 36:6,"['LMGP01010956', 'LMGP01011627', 'LMGP01010960', 'LMGP01012134', 'LMGP01010954', 'LMGP01012233', 'LMGP01011684', 'LMGP01012235', 'LMGP01011933', 'LMGP01010952', 'LMGP01012135', 'LMGP01012099', 'LMGP01011713', 'LMGP01010512', 'LMGP01011654', 'LMGP01011492', 'LMGP01011655']",['NA'],0.0402603984967849
PC 38:2,PC 38:2,"['LMGP01010793', 'LMGP01010790', 'LMGP01010791', 'LMGP01010792', 'LMGP01011296', 'LMGP01011774', 'LMGP01011495', 'LMGP01012041', 'LMGP01011472', 'LMGP01010788', 'LMGP01011575', 'LMGP01011630', 'LMGP01011817', 'LMGP01012011', 'LMGP01010843', 'LMGP01011607', 'LMGP01011846', 'LMGP01010789', 'LMGP01011962']",['NA'],0.837302051301549
PC 38:3,PC 38:3,"['LMGP01011794', 'LMGP01011608', 'LMGP01012042', 'LMGP01010799', 'LMGP01010796', 'LMGP01011818', 'LMGP01011496', 'LMGP01012196', 'LMGP01011631', 'LMGP01011847', 'LMGP01011877', 'LMGP01010942', 'LMGP01012153', 'LMGP01012190', 'LMGP01010798', 'LMGP01011659', 'LMGP01011795', 'LMGP01010795', 'LMGP01011688']",['NA'],0.174818242304183
PC 38:4,PC 38:4,['LMGP01010802'],['SAPC'],0.20619133752979
PC 38:5,PC 38:5,"['LMGP01011661', 'LMGP01011849', 'LMGP01010807', 'LMGP01011633', 'LMGP01010805', 'LMGP01012165', 'LMGP01011850', 'LMGP01012199', 'LMGP01011908', 'LMGP01012073', 'LMGP01012157', 'LMGP01011821', 'LMGP01012156', 'LMGP01011937', 'LMGP01011720', 'LMGP01011879', 'LMGP01010647', 'LMGP01010905', 'LMGP01010645', 'LMGP01012208', 'LMGP01012170', 'LMGP01012211', 'LMGP01011690', 'LMGP01011497']",['NA'],0.968738069010593
PC 38:7,PC 38:7,"['LMGP01011882', 'LMGP01011722', 'LMGP01011692', 'LMGP01011910', 'LMGP01011634', 'LMGP01012103', 'LMGP01011938', 'LMGP01011306', 'LMGP01010696', 'LMGP01011663', 'LMGP01011911']",['NA'],0.0553177346049358
PC 38:8,PC 38:8,"['LMGP01011693', 'LMGP01011940', 'LMGP01011939', 'LMGP01011664', 'LMGP01011912', 'LMGP01011723']",['NA'],0.0
PC 40:1,PC 40:1,"['LMGP01010845', 'LMGP01011593', 'LMGP01011017', 'LMGP01011090', 'LMGP01011091', 'LMGP01011093', 'LMGP01011969', 'LMGP01011824', 'LMGP01010811', 'LMGP01011019', 'LMGP01010909', 'LMGP01010659', 'LMGP01011020', 'LMGP01012015', 'LMGP01010839', 'LMGP01011092', 'LMGP01011018', 'LMGP01011094', 'LMGP01011089', 'LMGP01011781']",['NA'],0.0
PC 40:2,PC 40:2,"['LMGP01012221', 'LMGP01011038']","['OEPC', 'DGPC']",0.089352165767862
PC 40:3,PC 40:3,"['LMGP01010812', 'LMGP01011825', 'LMGP01012202', 'LMGP01011990', 'LMGP01011637', 'LMGP01011695', 'LMGP01011666', 'LMGP01012159', 'LMGP01012047', 'LMGP01012185', 'LMGP01011989', 'LMGP01011612', 'LMGP01012222', 'LMGP01011022', 'LMGP01012230', 'LMGP01012172', 'LMGP01011855', 'LMGP01011885', 'LMGP01012017', 'LMGP01011799']",['NA'],0.0176924628625818
PC 40:4,PC 40:4,"['LMGP01012203', 'LMGP01011915', 'LMGP01011991', 'LMGP01012213', 'LMGP01012048', 'LMGP01012224', 'LMGP01010813', 'LMGP01012180', 'LMGP01011826', 'LMGP01011667', 'LMGP01012018', 'LMGP01011638', 'LMGP01011856', 'LMGP01012187', 'LMGP01012176', 'LMGP01012223', 'LMGP01011045', 'LMGP01011696', 'LMGP01011886', 'LMGP01011023', 'LMGP01012077', 'LMGP01012186', 'LMGP01011726', 'LMGP01012019']",['NA'],0.0041419762480341
PC 40:5,PC 40:5,['LMGP01010816'],['SODPC'],0.0880705349483219
PC 40:6,PC 40:6,['LMGP01010821'],['SDPC'],0.100234978524943
PC 40:7,PC 40:7,"['LMGP01011859', 'LMGP01010913', 'LMGP01012108', 'LMGP01011889', 'LMGP01010946', 'LMGP01011669', 'LMGP01010847', 'LMGP01012081', 'LMGP01012080', 'LMGP01011918', 'LMGP01011946', 'LMGP01011698']",['NA'],0.124281823776327
PC 40:8,PC 40:8,['LMGP01011052'],['DAPC'],0.0282498574760517
PC 42:1,PC 42:1,"['LMGP01012236', 'LMGP01011097', 'LMGP01012023', 'LMGP01010915', 'LMGP01012226', 'LMGP01011802', 'LMGP01012161', 'LMGP01011026', 'LMGP01012240', 'LMGP01010826', 'LMGP01011041', 'LMGP01011152', 'LMGP01011830', 'LMGP01011040', 'LMGP01011151']",['NA'],0.0024201937537643
PC 42:2,PC 42:2,"['LMGP01012173', 'LMGP01011995', 'LMGP01011861', 'LMGP01012167', 'LMGP01010665', 'LMGP01012242', 'LMGP01011203', 'LMGP01012241', 'LMGP01012189', 'LMGP01012162', 'LMGP01012024', 'LMGP01011831', 'LMGP01011803', 'LMGP01012237', 'LMGP01012054', 'LMGP01012227']",['NA'],0.0718012359994682
PC 42:3,PC 42:3,"['LMGP01011832', 'LMGP01011892', 'LMGP01011996', 'LMGP01012055', 'LMGP01011862', 'LMGP01012025']",['NA'],0.0041547643958259
PC 42:6,PC 42:6,"['LMGP01012028', 'LMGP01012115', 'LMGP01011923', 'LMGP01011028', 'LMGP01012087', 'LMGP01012058', 'LMGP01011952', 'LMGP01011864']",['NA'],0.0
PC 42:7,PC 42:7,"['LMGP01011834', 'LMGP01011953', 'LMGP01012059', 'LMGP01011895', 'LMGP01012116', 'LMGP01012088']",['NA'],0.0037134633047853
PC 42:9,PC 42:9,"['LMGP01011954', 'LMGP01012118', 'LMGP01011896', 'LMGP01012090']",['NA'],0.0409333620558833
PC 44:1,PC 44:1,"['LMGP01012030', 'LMGP01011102', 'LMGP01011155', 'LMGP01012000', 'LMGP01011032']",['NA'],0.0
PC 44:2,PC 44:2,['LMGP01011110'],['DEPC'],0.0417328236934376
PC 44:3,PC 44:3,"['LMGP01012032', 'LMGP01012062']",['NA'],0.0007274027537829
PCO- 28:0,NA,['NA'],['NA'],0.0036185465138509
PCO- 30:0,NA,['NA'],['NA'],0.549686010708551
PCO- 30:1,NA,['NA'],['NA'],0.227132282437719
PCO- 32:0,PC O-32:0,"['LMGP01020195', 'LMGP01020029', 'LMGP01020015', 'LMGP01020216']",['NA'],0.626057029658969
PCO- 32:1,NA,['NA'],['NA'],2.59721549730921
PCO- 32:2,NA,['NA'],['NA'],0.452483952591879
PCO- 34:0,PC O-34:0,"['LMGP01020033', 'LMGP01020218', 'LMGP01020086', 'LMGP01020076']",['NA'],0.0
PCO- 34:1,PC O-34:1,"['LMGP01020089', 'LMGP01020003', 'LMGP01020261', 'LMGP01020219', 'LMGP01030076', 'LMGP01020152', 'LMGP01030030', 'LMGP01030052', 'LMGP01020256']",['NA'],2.35914178176683
PCO- 34:2,PC O-34:2,"['LMGP01030077', 'LMGP01030134', 'LMGP01020039', 'LMGP01030128', 'LMGP01030053', 'LMGP01030006', 'LMGP01030144']",['NA'],1.20420411271599
PCO- 34:3,PC O-34:3,"['LMGP01030135', 'LMGP01030145', 'LMGP01030008', 'LMGP01020041', 'LMGP01020042', 'LMGP01020257']",['NA'],0.19592314264907
PCO- 36:0,PC O-36:0,"['LMGP01020051', 'LMGP01020023', 'LMGP01020091', 'LMGP01020122']",['NA'],0.0
PCO- 36:1,PC O-36:1,"['LMGP01020187', 'LMGP01030057', 'LMGP01020258', 'LMGP01020052', 'LMGP01030036', 'LMGP01030080', 'LMGP01020202', 'LMGP01020222']",['NA'],0.173975055499811
PCO- 36:2,PC O-36:2,['LMGP01030013'],['PLC18(PC)'],0.553046696408006
PCO- 36:3,NA,['NA'],['NA'],0.320136632609667
PCO- 36:4,NA,['NA'],['NA'],0.2721366323802
PCO- 36:6,NA,['NA'],['NA'],0.0
PCO- 38:1,PC O-38:1,"['LMGP01030085', 'LMGP01020227', 'LMGP01020209', 'LMGP01030042', 'LMGP01020260', 'LMGP01030064', 'LMGP01020190', 'LMGP01020265', 'LMGP01020099']",['NA'],0.0179109591995056
PCO- 38:2,NA,['NA'],['NA'],0.0696231134257632
PCO- 38:3,NA,['NA'],['NA'],0.0228113595009516
PCO- 38:4,PC O-38:4,"['LMGP01020100', 'LMGP01020231', 'LMGP01030089', 'LMGP01030131', 'LMGP01030067', 'LMGP01020247', 'LMGP01020102', 'LMGP01030138', 'LMGP01020192', 'LMGP01030088']",['NA'],0.0407930221553828
PCO- 38:5,PC O-38:5,['LMGP01030012'],['PLC20(PC)'],0.177526872507693
PCO- 38:6,NA,['NA'],['NA'],0.138494042959106
PCO- 38:7,NA,['NA'],['NA'],0.0050716192325104
PCO- 40:1,NA,['NA'],['NA'],0.0004404576703991
PCO- 40:4,NA,['NA'],['NA'],0.0
PCO- 40:5,PC O-40:5,"['LMGP01020239', 'LMGP01020109', 'LMGP01030097', 'LMGP01020107', 'LMGP01020274', 'LMGP01030073']",['NA'],0.0086068836980468
PCO- 40:6,PC O-40:6,"['LMGP01030098', 'LMGP01020110']",['NA'],0.0468614305750957
PCO- 40:7,PC O-40:7,['LMGP01030014'],['PLC22(PC)'],0.0613752460420188
PCO- 40:8,PC O-40:8,['LMGP01080004'],['NA'],0.0049121732933516
PCO- 42:1,NA,['NA'],['NA'],0.0
PCO- 42:5,NA,['NA'],['NA'],0.0
PCO- 42:6,NA,['NA'],['NA'],0.0001230132132905
PCO- 42:7,NA,['NA'],['NA'],0.0
PCO- 44:3,NA,['NA'],['NA'],0.00056016410443
PCO- 44:4,NA,['NA'],['NA'],0.0001694310391084
PE 28:0,PE 28:0,['LMGP02010352'],['DMPE'],0.0021046906031893
PE 30:0,PE 30:0,"['LMGP02011207', 'LMGP02011215', 'LMGP02011277', 'LMGP02010302', 'LMGP02010297', 'LMGP02011255', 'LMGP02011274', 'LMGP02010106', 'LMGP02011261']",['NA'],0.0004283808442651
PE 30:1,PE 30:1,"['LMGP02010506', 'LMGP02010478', 'LMGP02010635', 'LMGP02010387', 'LMGP02010516', 'LMGP02010562', 'LMGP02011249', 'LMGP02011260', 'LMGP02010455', 'LMGP02010427']",['NA'],0.0050265766993962
PE 32:0,PE 32:0,['LMGP02010037'],['DPPE'],0.0
PE 32:1,PE 32:1,['LMGP02011228'],['PYPE'],0.14914199591984
PE 32:2,PE 32:2,['LMGP02010108'],['DYPE'],0.125490773569468
PE 34:1,PE 34:1,['LMGP02010009'],['POPE'],0.249254281772333
PE 34:2,PE 34:2,"['LMGP02011220', 'LMGP02011198', 'LMGP02010042']","['OYPE', 'PLPE', 'YOPE']",0.563928917271692
PE 34:3,PE 34:3,['LMGP02010041'],['PLEPE'],0.0168932223843735
PE 36:1,PE 36:1,['LMGP02010036'],['SOPE'],0.0829274133969515
PE 36:2,PE 36:2,"['LMGP02010052', 'LMGP02010044']","['SLPE', 'DOPE']",0.630895558254097
PE 36:3,PE 36:3,"['LMGP02010908', 'LMGP02010803', 'LMGP02010608', 'LMGP02010663', 'LMGP02011222', 'LMGP02010690', 'LMGP02011074', 'LMGP02010531', 'LMGP02010629', 'LMGP02010449', 'LMGP02010720', 'LMGP02010878', 'LMGP02010628', 'LMGP02010048']",['NA'],0.10192185899183
PE 36:4,PE 36:4,"['LMGP02010096', 'LMGP02010111']","['DLiPE', 'PAPE']",0.0421722531147211
PE 36:5,PE 36:5,['LMGP02010665'],['LLPE'],0.0194999561082413
PE 38:2,PE 38:2,"['LMGP02011047', 'LMGP02010811', 'LMGP02010126', 'LMGP02010853', 'LMGP02010669', 'LMGP02010882', 'LMGP02010124', 'LMGP02011077', 'LMGP02010122', 'LMGP02010513', 'LMGP02010536', 'LMGP02010998', 'LMGP02010615', 'LMGP02010125']",['NA'],0.0428111231055813
PE 38:3,PE 38:3,"['LMGP02010647', 'LMGP02010726', 'LMGP02010831', 'LMGP02010832', 'LMGP02010698', 'LMGP02011078', 'LMGP02011202', 'LMGP02010913', 'LMGP02010670', 'LMGP02010883', 'LMGP02010854', 'LMGP02010537']",['NA'],0.0034758461009228
PE 38:4,PE 38:4,['LMGP02010118'],['SAPE'],0.033435551071518
PE 38:5,PE 38:5,"['LMGP02011196', 'LMGP02010672', 'LMGP02010700', 'LMGP02011109', 'LMGP02010973', 'LMGP02010886', 'LMGP02011201', 'LMGP02010885', 'LMGP02010758', 'LMGP02010728', 'LMGP02010857', 'LMGP02010538', 'LMGP02010915', 'LMGP02010944']",['NA'],0.09567388840276
PE 38:6,PE 38:6,['LMGP02010095'],['PDOPE'],0.0280315535850841
PE 38:7,PE 38:7,"['LMGP02011216', 'LMGP02010947', 'LMGP02010946', 'LMGP02010702', 'LMGP02010974', 'LMGP02010730', 'LMGP02010760', 'LMGP02010918', 'LMGP02010673', 'LMGP02011138']",['NA'],0.0005840534266784
PE 40:1,PE 40:1,"['LMGP02010860', 'LMGP02010152', 'LMGP02010818', 'LMGP02011051', 'LMGP02010156', 'LMGP02010154', 'LMGP02011005', 'LMGP02010161', 'LMGP02010153', 'LMGP02010155', 'LMGP02010633', 'LMGP02010159', 'LMGP02010158', 'LMGP02010151', 'LMGP02010157', 'LMGP02010160']",['NA'],0.0
PE 40:2,PE 40:2,['LMGP02011175'],['DGPE'],0.0018965888232791
PE 40:5,PE 40:5,"['LMGP02010735', 'LMGP02010707', 'LMGP02011086', 'LMGP02011056', 'LMGP02010836', 'LMGP02011085', 'LMGP02010980', 'LMGP02010863', 'LMGP02010923', 'LMGP02010952', 'LMGP02010765', 'LMGP02010652', 'LMGP02011114', 'LMGP02010893']",['NA'],0.0
PE 40:6,PE 40:6,['LMGP02010094'],['SDPE'],0.0006748159598936
PE 40:7,PE 40:7,"['LMGP02011117', 'LMGP02011116', 'LMGP02010708', 'LMGP02010895', 'LMGP02010736', 'LMGP02011264', 'LMGP02010954', 'LMGP02010925', 'LMGP02011143', 'LMGP02010982']",['NA'],0.0215162647189842
PE 42:1,PE 42:1,"['LMGP02010287', 'LMGP02010290', 'LMGP02010866', 'LMGP02011059', 'LMGP02010293', 'LMGP02010838', 'LMGP02010294']",['NA'],0.0
PE 42:2,PE 42:2,"['LMGP02010839', 'LMGP02011090', 'LMGP02011031', 'LMGP02010897', 'LMGP02011060', 'LMGP02010867']",['NA'],0.0016113019219849
PE 44:10,PE 44:10,"['LMGP02011160', 'LMGP02011272']",['NA'],0.0428561504790909
PEO- 32:2,NA,['NA'],['NA'],0.0789177553507901
PEO- 34:2,NA,['NA'],['NA'],0.136607885200661
PEO- 34:3,NA,['NA'],['NA'],0.0710395076677444
PEO- 36:2,PE O-36:2,['LMGP02030004'],['PLA18'],0.0141544947224538
PEO- 36:3,PE O-36:3,"['LMGP02020096', 'LMGP02020050', 'LMGP02030046', 'LMGP02020049', 'LMGP02030026']",['NA'],0.0868549715347798
PEO- 36:4,PE O-36:4,"['LMGP02030027', 'LMGP02030048', 'LMGP02020019', 'LMGP02020051', 'LMGP02030047']",['NA'],0.0
PEO- 36:5,NA,['NA'],['NA'],0.10177269069882
PEO- 36:6,NA,['NA'],['NA'],0.0428378631994765
PEO- 38:5,PE O-38:5,['LMGP02030003'],['PLA20'],0.0267790833127895
PEO- 38:6,NA,['NA'],['NA'],0.178067981754194
PEO- 38:7,NA,['NA'],['NA'],0.163957532240052
PEO- 40:7,NA,['NA'],['NA'],0.0054897373144299
PEO- 40:8,NA,['NA'],['NA'],0.041422287429511
PG 32:1,PG 32:1,['LMGP04010910'],['PYPG'],0.0038935444085785
PG 32:2,PG 32:2,['LMGP04010967'],['DYPG'],0.0001611646656808
PG 34:0,PG 34:0,['LMGP04010907'],['PSPG'],0.0165852846735587
PG 34:1,PG 34:1,"['LMGP04010962', 'LMGP04010987', 'LMGP04010002']","['OPPG', 'POPG']",0.0612083365458563
PG 34:2,PG 34:2,"['LMGP04010983', 'LMGP04010881']","['DOPG', 'PLPG']",0.0106301699015981
PG 34:3,PG 34:3,['LMGP04010973'],['PLEPG'],0.0
PG 36:1,PG 36:1,['LMGP04010037'],['SOPG'],0.0214449228725646
PG 36:2,PG 36:2,['LMGP04010982'],['SLPG'],0.0197024703897801
PG 36:3,PG 36:3,"['LMGP04010377', 'LMGP04010315', 'LMGP04010350', 'LMGP04010960', 'LMGP04010759', 'LMGP04010490', 'LMGP04010904', 'LMGP04010565', 'LMGP04010407', 'LMGP04010218', 'LMGP04010595', 'LMGP04010295', 'LMGP04010136', 'LMGP04010316']",['NA'],0.0
PG 38:2,PG 38:2,"['LMGP04010963', 'LMGP04010762', 'LMGP04010684', 'LMGP04010951', 'LMGP04010200', 'LMGP04010302', 'LMGP04010732', 'LMGP04010958', 'LMGP04010223', 'LMGP04010540', 'LMGP04010498', 'LMGP04010569', 'LMGP04010356']",['NA'],0.0
PG 38:3,PG 38:3,"['LMGP04010224', 'LMGP04010570', 'LMGP04010334', 'LMGP04010600', 'LMGP04010519', 'LMGP04010763', 'LMGP04010357', 'LMGP04010518', 'LMGP04010541', 'LMGP04010413', 'LMGP04010385', 'LMGP04010885']",['NA'],0.0
PG 38:5,PG 38:5,"['LMGP04010879', 'LMGP04010631', 'LMGP04010225', 'LMGP04010415', 'LMGP04010445', 'LMGP04010359', 'LMGP04010544', 'LMGP04010884', 'LMGP04010572', 'LMGP04010794', 'LMGP04010602', 'LMGP04010387', 'LMGP04010573', 'LMGP04010659']",['NA'],0.0
PG 38:6,PG 38:6,"['LMGP04010604', 'LMGP04010574', 'LMGP04010846', 'LMGP04010041', 'LMGP04010416', 'LMGP04010388', 'LMGP04010857', 'LMGP04010632', 'LMGP04010446', 'LMGP04010875', 'LMGP04010603', 'LMGP04010878']",['NA'],2.31059742844812e-05
PG 38:7,PG 38:7,"['LMGP04010634', 'LMGP04010605', 'LMGP04010660', 'LMGP04010417', 'LMGP04010823', 'LMGP04010898', 'LMGP04010447', 'LMGP04010633', 'LMGP04010389', 'LMGP04010360']",['NA'],0.0
PG 40:6,PG 40:6,['LMGP04010040'],['SDPG'],0.0
PG 42:9,PG 42:9,"['LMGP04010619', 'LMGP04010676', 'LMGP04010811', 'LMGP04010838']",['NA'],0.0
PG 44:12,PG 44:12,['LMGP04010977'],['NA'],0.0
PI 30:0,PI 30:0,"['LMGP06010868', 'LMGP06010945', 'LMGP06010907', 'LMGP06010913', 'LMGP06010948', 'LMGP06010947', 'LMGP06010860']",['NA'],0.0
PI 30:1,PI 30:1,"['LMGP06010110', 'LMGP06010082', 'LMGP06010290', 'LMGP06010133', 'LMGP06010912', 'LMGP06010042', 'LMGP06010171', 'LMGP06010161', 'LMGP06010901', 'LMGP06010217']",['NA'],0.031451562308827
PI 32:1,PI 32:1,['LMGP06010881'],['PYPI'],0.500483165284107
PI 32:2,PI 32:2,"['LMGP06010221', 'LMGP06010112', 'LMGP06010899', 'LMGP06010088', 'LMGP06010938', 'LMGP06010250', 'LMGP06010526', 'LMGP06010138', 'LMGP06010310', 'LMGP06010028', 'LMGP06010292']",['NA'],0.0969206742142875
PI 34:1,PI 34:1,['LMGP06010001'],['POPI'],1.2929863492828
PI 34:2,PI 34:2,['LMGP06010959'],['PLPI'],0.907471612848904
PI 34:3,PI 34:3,['LMGP06010944'],['PNPI'],0.0169453204488305
PI 36:1,PI 36:1,"['LMGP06010184', 'LMGP06010941', 'LMGP06010102', 'LMGP06010232', 'LMGP06010696', 'LMGP06010154', 'LMGP06010074', 'LMGP06010456', 'LMGP06010932', 'LMGP06010502', 'LMGP06010428', 'LMGP06010671', 'LMGP06010206', 'LMGP06010648', 'LMGP06010957', 'LMGP06010482']",['NA'],0.725947969776582
PI 36:2,PI 36:2,['LMGP06010956'],['SLPI'],1.21406842749102
PI 36:3,PI 36:3,"['LMGP06010931', 'LMGP06010458', 'LMGP06010728', 'LMGP06010104', 'LMGP06010533', 'LMGP06010875', 'LMGP06010345', 'LMGP06010375', 'LMGP06010263', 'LMGP06010318', 'LMGP06010284', 'LMGP06010283', 'LMGP06010186', 'LMGP06010563']",['NA'],0.11825440267545
PI 36:4,PI 36:4,['LMGP06010927'],['DLiPI'],0.116165427863284
PI 36:5,PI 36:5,['LMGP06010320'],['LiNPI'],0.0163037162062552
PI 38:1,PI 38:1,"['LMGP06010240', 'LMGP06010465', 'LMGP06010923', 'LMGP06010700', 'LMGP06010507', 'LMGP06010675', 'LMGP06010935', 'LMGP06010930', 'LMGP06010435', 'LMGP06010652', 'LMGP06010190', 'LMGP06010167']",['NA'],0.0152295103061856
PI 38:2,PI 38:2,"['LMGP06010466', 'LMGP06010270', 'LMGP06010653', 'LMGP06010922', 'LMGP06010731', 'LMGP06010929', 'LMGP06010537', 'LMGP06010508', 'LMGP06010701', 'LMGP06010168', 'LMGP06010191', 'LMGP06010324', 'LMGP06010934']",['NA'],0.142034976819022
PI 38:3,PI 38:3,"['LMGP06010353', 'LMGP06010192', 'LMGP06010509', 'LMGP06010732', 'LMGP06010325', 'LMGP06010487', 'LMGP06010855', 'LMGP06010381', 'LMGP06010486', 'LMGP06010568', 'LMGP06010302', 'LMGP06010538']",['NA'],0.16365580788927
PI 38:4,PI 38:4,['LMGP06010010'],['SAPI'],0.484827718160688
PI 38:5,PI 38:5,"['LMGP06010599', 'LMGP06010763', 'LMGP06010540', 'LMGP06010854', 'LMGP06010541', 'LMGP06010383', 'LMGP06010512', 'LMGP06010413', 'LMGP06010355', 'LMGP06010327', 'LMGP06010570', 'LMGP06010849', 'LMGP06010193', 'LMGP06010628']",['NA'],0.197317282960472
PI 38:6,PI 38:6,"['LMGP06010600', 'LMGP06010826', 'LMGP06010011', 'LMGP06010848', 'LMGP06010542', 'LMGP06010414', 'LMGP06010571', 'LMGP06010384', 'LMGP06010356', 'LMGP06010845', 'LMGP06010815', 'LMGP06010572']",['NA'],0.0167227941033229
PI 40:2,PI 40:2,"['LMGP06010919', 'LMGP06010330', 'LMGP06010706', 'LMGP06010679', 'LMGP06010305', 'LMGP06010829', 'LMGP06010289', 'LMGP06010545', 'LMGP06010736']",['NA'],0.0024753884427472
PI 40:5,PI 40:5,"['LMGP06010635', 'LMGP06010518', 'LMGP06010548', 'LMGP06010390', 'LMGP06010740', 'LMGP06010768', 'LMGP06010362', 'LMGP06010739', 'LMGP06010710', 'LMGP06010307', 'LMGP06010420', 'LMGP06010491', 'LMGP06010578', 'LMGP06010607']",['NA'],0.0406729561518028
PI 40:6,PI 40:6,['LMGP06010012'],['SDPI'],0.0580807363424902
PI 40:7,PI 40:7,"['LMGP06010391', 'LMGP06010363', 'LMGP06010609', 'LMGP06010580', 'LMGP06010797', 'LMGP06010637', 'LMGP06010771', 'LMGP06010550', 'LMGP06010013', 'LMGP06010770']",['NA'],0.009076985847254
PS 30:0,PS 30:0,"['LMGP03010970', 'LMGP03010935', 'LMGP03010983', 'LMGP03010982', 'LMGP03010889', 'LMGP03010897', 'LMGP03010941']",['NA'],5.18269375003681e-05
PS 30:1,PS 30:1,"['LMGP03010203', 'LMGP03010142', 'LMGP03010193', 'LMGP03010249', 'LMGP03010940', 'LMGP03010074', 'LMGP03010322', 'LMGP03010165', 'LMGP03010929', 'LMGP03010114']",['NA'],0.0
PS 32:1,PS 32:1,"['LMGP03010309', 'LMGP03010119', 'LMGP03010059', 'LMGP03010481', 'LMGP03010909', 'LMGP03010207', 'LMGP03010228', 'LMGP03010528', 'LMGP03010169', 'LMGP03010252', 'LMGP03010882', 'LMGP03010977', 'LMGP03010082', 'LMGP03010143']",['NA'],0.0334677173986671
PS 32:2,PS 32:2,['LMGP03010964'],['DYPS'],0.0
PS 34:1,PS 34:1,['LMGP03010024'],['POPS'],0.0945809262964965
PS 34:2,PS 34:2,"['LMGP03010901', 'LMGP03010976']","['PLPS', 'YOPS']",0.0324096855312979
PS 36:1,PS 36:1,['LMGP03010025'],['SOPS'],0.0682892964119617
PS 36:2,PS 36:2,"['LMGP03010030', 'LMGP03010031']","['SLPS', 'DOPS']",0.064357189437947
PS 36:3,PS 36:3,"['LMGP03010759', 'LMGP03010136', 'LMGP03010595', 'LMGP03010350', 'LMGP03010903', 'LMGP03010218', 'LMGP03010958', 'LMGP03010316', 'LMGP03010295', 'LMGP03010377', 'LMGP03010407', 'LMGP03010490', 'LMGP03010315', 'LMGP03010565']",['NA'],0.0024515807510014
PS 36:4,PS 36:4,['LMGP03010038'],['PAPS'],0.0012365675920375
PS 38:4,PS 38:4,['LMGP03010039'],['SAPS'],0.0076322936094605
PS 40:2,PS 40:2,['LMGP03010860'],['DGPS'],0.0128942110517497
PS 42:2,PS 42:2,"['LMGP03010745', 'LMGP03010584', 'LMGP03010526', 'LMGP03010554', 'LMGP03010775', 'LMGP03010717']",['NA'],0.0031711923718704
SM 32:0;2,SM 32:0;O2,"['LMSP03010030', 'LMSP03010094']",['NA'],0.0001523513312136
SM 32:1;2,SM 32:1;O2,"['LMSP03010028', 'LMSP03010035']",['NA'],0.0055218776514001
SM 32:2;2,SM 32:2;O2,['LMSP03010034'],['NA'],0.0
SM 34:0;2,SM 34:0;O2,"['LMSP03010095', 'LMSP03010004']",['NA'],0.0895808779066119
SM 34:1;2,SM 34:1;O2,['LMSP03010003'],['PSM'],0.310618289769709
SM 34:2;2,SM 34:2;O2,"['LMSP03010041', 'LMSP03010040', 'LMSP03010090']",['NA'],0.0130658997100443
SM 36:1;2,SM 36:1;O2,['LMSP03010001'],['SSM'],0.0
SM 36:2;2,SM 36:2;O2,['LMSP03010029'],['OSM'],0.0
SM 36:3;2,SM 36:3;O2,['LMSP03010047'],['NA'],0.0002281543045743
SM 38:1;2,SM 38:1;O2,['LMSP03010005'],['ASM'],0.0
SM 38:2;2,SM 38:2;O2,"['LMSP03010060', 'LMSP03010058', 'LMSP03010059']",['NA'],0.0
SM 38:3;2,SM 38:3;O2,['LMSP03010057'],['NA'],0.0
SM 40:1;2,SM 40:1;O2,['LMSP03010006'],['BSM'],0.0
SM 40:2;2,SM 40:2;O2,"['LMSP03010092', 'LMSP03010072', 'LMSP03010071']",['NA'],0.0
SM 40:3;2,SM 40:3;O2,['LMSP03010070'],['NA'],0.0
SM 42:1;2,SM 42:1;O2,['LMSP03010008'],['LSM'],0.0
SM 42:2;2,SM 42:2;O2,['LMSP03010007'],['NSM'],0.0538605013309244
SM 42:3;2,SM 42:3;O2,['LMSP03010080'],['NA'],0.0012508800616333
SM 44:2;2,SM 44:2;O2,['LMSP03010009'],['NA'],0.0
SM 44:3;2,SM 44:3;O2,['NA'],['NA'],0.0
diHexCer 34:1;2,Hex2Cer 34:1;O2,"['LMSP0501AD01', 'LMSP0501AB03', 'LMSP0509AA01']",['NA'],0.0
diHexCer 40:1;2,Hex2Cer 40:1;O2,"['LMSP0501AB06', 'LMSP0501AD04', 'LMSP0509AA04']",['NA'],0.0
diHexCer 42:1;2,Hex2Cer 42:1;O2,"['LMSP0501AB21', 'LMSP0501AB07', 'LMSP0509AA05', 'LMSP0501AD05']",['NA'],0.0
diHexCer 42:2;2,Hex2Cer 42:2;O2,"['LMSP0509AA07', 'LMSP0501AD07', 'LMSP0501AB09']",['NA'],0.0
diHexCer 42:3;2,NA,['NA'],['NA'],0.0
triHexCer 34:1;2,Hex3Cer 34:1;O2,['LMSP0502AA01'],['NA'],0.0
triHexCer 42:1;2,Hex3Cer 42:1;O2,['LMSP0502AA05'],['NA'],0.0
triHexCer 42:2;2,Hex3Cer 42:2;O2,['LMSP0502AA07'],['NA'],0.0
triHexCer 44:2;2,Hex3Cer 44:2;O2,['LMSP0502AA08'],['NA'],0.0
